fighter_url,fighter_name,height_in,reach_in,stance,dob,slpm,sapm,str_acc,str_def,td_avg,td_acc,td_def,sub_avg,fighter_name_index
http://ufcstats.com/fighter-details/c03520b5c88ed6b4,Merab Dvalishvili,66.0,68.0,Orthodox,"Jan 10, 1991",4.33,2.55,42.0,,6.4,37.0,82.0,0.3,Merab Dvalishvili
http://ufcstats.com/fighter-details/d661ce4da776fc20,Petr Yan,67.0,67.0,Switch,"Feb 11, 1993",5.12,4.14,54.0,,1.58,48.0,85.0,0.1,Petr Yan
http://ufcstats.com/fighter-details/a0f0004aadf10b71,Alexandre Pantoja,65.0,67.0,Orthodox,"Apr 16, 1990",4.36,3.88,50.0,,2.8,47.0,69.0,1.0,Alexandre Pantoja
http://ufcstats.com/fighter-details/17e97649403ba428,Joshua Van,65.0,65.0,Orthodox,"Oct 10, 2001",8.86,6.36,56.0,,0.85,63.0,81.0,0.0,Joshua Van
http://ufcstats.com/fighter-details/792be9a24df82ed6,Brandon Moreno,67.0,70.0,Orthodox,"Dec 07, 1993",3.96,3.62,44.0,,1.51,44.0,64.0,0.4,Brandon Moreno
http://ufcstats.com/fighter-details/4461d7e47375a895,Tatsuro Taira,67.0,70.0,Orthodox,"Jan 27, 2000",2.87,2.54,60.0,,3.21,48.0,45.0,1.7,Tatsuro Taira
http://ufcstats.com/fighter-details/056c493bbd76a918,Henry Cejudo,64.0,64.0,Orthodox,"Feb 09, 1987",3.82,3.46,47.0,,1.84,31.0,76.0,0.1,Henry Cejudo
http://ufcstats.com/fighter-details/6e743a33d56bdaa4,Payton Talbott,70.0,70.0,Switch,"Sep 09, 1998",6.05,3.26,54.0,,0.24,25.0,76.0,0.2,Payton Talbott
http://ufcstats.com/fighter-details/99df7d0a2a08a8a8,Jan Blachowicz,74.0,78.0,Orthodox,"Feb 24, 1983",3.44,3.03,49.0,,1.03,48.0,69.0,0.3,Jan Blachowicz
http://ufcstats.com/fighter-details/ef5dcb10d2bd4b0f,Bogdan Guskov,75.0,76.0,Orthodox,"Sep 12, 1992",4.17,3.3,55.0,,0.0,0.0,57.0,1.1,Bogdan Guskov
http://ufcstats.com/fighter-details/99bd51917728c25d,Grant Dawson,70.0,72.0,Switch,"Feb 20, 1994",3.2,2.11,52.0,,3.87,40.0,57.0,1.1,Grant Dawson
http://ufcstats.com/fighter-details/2e7878927067fdca,Manuel Torres,70.0,73.0,Switch,"Mar 25, 1995",7.87,4.2,60.0,,2.0,66.0,88.0,1.0,Manuel Torres
http://ufcstats.com/fighter-details/809bd1a871491508,Terrance McKinney,70.0,73.0,Switch,"Sep 15, 1994",5.78,2.58,56.0,,3.59,40.0,77.0,2.2,Terrance McKinney
http://ufcstats.com/fighter-details/fd406a32a6fb3a29,Chris Duncan,70.0,71.0,Orthodox,"May 10, 1993",4.64,4.53,44.0,,3.17,42.0,50.0,0.5,Chris Duncan
http://ufcstats.com/fighter-details/6a740daf1b279661,Maycee Barber,65.0,65.0,Switch,"May 18, 1998",4.7,2.9,53.0,,1.44,43.0,53.0,0.1,Maycee Barber
http://ufcstats.com/fighter-details/9d62c2d8ee151f08,Karine Silva,65.0,67.0,Orthodox,"Dec 02, 1993",2.73,2.89,38.0,,2.37,47.0,11.0,1.9,Karine Silva
http://ufcstats.com/fighter-details/ff62013d2fce6d13,Nazim Sadykhov,70.0,69.0,Southpaw,"May 16, 1994",5.55,5.89,50.0,,1.29,55.0,75.0,0.3,Nazim Sadykhov
http://ufcstats.com/fighter-details/1e4f273069fb9e85,Fares Ziam,73.0,75.0,Orthodox,"Mar 21, 1997",2.85,1.62,51.0,,1.62,40.0,70.0,0.2,Fares Ziam
http://ufcstats.com/fighter-details/7acbb0972e75281a,Marvin Vettori,72.0,74.0,Southpaw,"Sep 20, 1993",4.68,4.52,45.0,,1.43,45.0,65.0,0.4,Marvin Vettori
http://ufcstats.com/fighter-details/1e719d4b676dc19a,Brunno Ferreira,70.0,72.0,Orthodox,"Nov 04, 1992",3.41,3.34,50.0,,1.39,28.0,57.0,1.0,Brunno Ferreira
http://ufcstats.com/fighter-details/64a50dad704d1d49,Edson Barboza,71.0,75.0,Orthodox,"Jan 21, 1986",4.14,4.6,44.0,,0.43,50.0,73.0,0.1,Edson Barboza
http://ufcstats.com/fighter-details/4d8fa64202cee4c1,Jalin Turner,75.0,77.0,Southpaw,"May 18, 1995",5.53,4.55,48.0,,0.77,55.0,75.0,1.1,Jalin Turner
http://ufcstats.com/fighter-details/1c23ec2f1b71be40,Iwo Baraniewski,72.0,73.0,Orthodox,"Nov 20, 1998",12.0,6.0,66.0,,0.0,0.0,0.0,0.0,Iwo Baraniewski
http://ufcstats.com/fighter-details/6e8f1bcdda94ff45,Ibo Aslan,75.0,77.0,Orthodox,"Apr 23, 1996",5.09,3.47,47.0,,0.0,0.0,86.0,0.0,Ibo Aslan
http://ufcstats.com/fighter-details/841695e02c99a521,Mansur Abdul-Malik,74.0,80.0,Orthodox,"Oct 07, 1997",4.27,3.49,48.0,,0.49,33.0,82.0,0.0,Mansur Abdul-Malik
http://ufcstats.com/fighter-details/6d48a2df51749d91,Antonio Trocoli,78.0,79.0,Orthodox,"Dec 06, 1990",1.29,5.79,50.0,,0.84,11.0,50.0,0.8,Antonio Trocoli
http://ufcstats.com/fighter-details/8d11d9c13e2ccdf7,Muhammad Naimov,69.0,70.0,Orthodox,"Aug 07, 1994",2.61,3.45,40.0,,1.69,36.0,67.0,0.2,Muhammad Naimov
http://ufcstats.com/fighter-details/480779d7f9a424d3,Mairon Santos,67.0,72.0,Orthodox,"Jun 10, 2000",3.53,2.38,46.0,,0.0,0.0,50.0,0.0,Mairon Santos
http://ufcstats.com/fighter-details/eae48ff31db420c2,Arman Tsarukyan,67.0,72.0,Orthodox,"Oct 11, 1996",3.85,1.8,50.0,,3.26,37.0,75.0,0.1,Arman Tsarukyan
http://ufcstats.com/fighter-details/193b9d1858bc4df3,Dan Hooker,72.0,75.0,Switch,"Feb 13, 1990",4.89,4.73,48.0,,0.71,34.0,77.0,0.5,Dan Hooker
http://ufcstats.com/fighter-details/b1b0729d27936f2f,Belal Muhammad,71.0,72.0,Orthodox,"Jul 09, 1988",4.43,3.82,43.0,,2.14,36.0,90.0,0.1,Belal Muhammad
http://ufcstats.com/fighter-details/442c9011034ae1fd,Ian Machado Garry,75.0,74.0,Orthodox,"Nov 17, 1997",4.78,2.86,54.0,,0.92,31.0,80.0,0.4,Ian Machado Garry
http://ufcstats.com/fighter-details/0845c81e37d3bcb3,Volkan Oezdemir,74.0,75.0,Orthodox,"Sep 19, 1989",4.99,4.19,48.0,,0.5,29.0,80.0,0.1,Volkan Oezdemir
http://ufcstats.com/fighter-details/a495f599e787614f,Alonzo Menifield,72.0,76.0,Orthodox,"Oct 18, 1987",3.77,3.81,53.0,,0.5,31.0,78.0,0.2,Alonzo Menifield
http://ufcstats.com/fighter-details/0a1942069c9ad6b6,Jack Hermansson,73.0,77.0,Orthodox,"Jun 10, 1988",5.15,3.72,45.0,,1.48,29.0,80.0,0.4,Jack Hermansson
http://ufcstats.com/fighter-details/bf2c8e01b07d3eb1,Myktybek Orolbai,70.0,74.0,Orthodox,"Feb 10, 1998",3.24,3.31,48.0,,5.48,45.0,40.0,0.6,Myktybek Orolbai
http://ufcstats.com/fighter-details/fc08099550072fe4,Waldo Cortes Acosta,76.0,78.0,Orthodox,"Oct 03, 1991",5.55,3.53,48.0,,0.35,50.0,72.0,0.1,Waldo Cortes Acosta
http://ufcstats.com/fighter-details/6747ccd6d1acd266,Shamil Gaziev,76.0,78.0,Orthodox,"Feb 10, 1990",2.62,3.97,47.0,,0.93,30.0,83.0,0.3,Shamil Gaziev
http://ufcstats.com/fighter-details/f00ac08ab056af5d,Tagir Ulanbekov,67.0,70.0,Southpaw,"Aug 07, 1991",3.01,3.44,48.0,,2.73,39.0,63.0,1.5,Tagir Ulanbekov
http://ufcstats.com/fighter-details/98aa60cf58071fd6,Kyoji Horiguchi,64.0,63.0,Orthodox,"Oct 12, 1990",3.64,2.26,46.0,,1.8,42.0,54.0,0.1,Kyoji Horiguchi
http://ufcstats.com/fighter-details/fb37795db81f93f3,Bogdan Grad,68.0,70.0,Orthodox,"Sep 28, 1995",4.06,5.06,51.0,,4.22,40.0,75.0,0.0,Bogdan Grad
http://ufcstats.com/fighter-details/b1de86d835638319,Luke Riley,69.0,69.0,Orthodox,"Jun 30, 1999",2.55,1.27,60.0,,0.0,0.0,42.0,0.0,Luke Riley
http://ufcstats.com/fighter-details/9d19d9e4aa2662e8,Nicolas Dalby,71.0,74.0,Orthodox,"Nov 16, 1984",3.88,3.51,43.0,,0.9,26.0,59.0,0.1,Nicolas Dalby
http://ufcstats.com/fighter-details/de26d906f2874dd4,Saygid Izagakhmaev,72.0,74.0,,"Sep 03, 1994",1.33,1.73,58.0,,4.0,40.0,100.0,0.0,Saygid Izagakhmaev
http://ufcstats.com/fighter-details/ab2b4ff41d6ebe0f,Alex Perez,66.0,65.0,Orthodox,"Mar 21, 1992",4.16,3.22,45.0,,2.28,48.0,75.0,0.8,Alex Perez
http://ufcstats.com/fighter-details/8d3273573b85be09,Asu Almabayev,64.0,65.0,Orthodox,"Jan 25, 1994",2.31,1.99,50.0,,4.46,42.0,44.0,1.5,Asu Almabayev
http://ufcstats.com/fighter-details/95aff2fd8d09a5f0,Abdul Rakhman Yakhyaev,74.0,78.0,Orthodox,"Jan 03, 2001",20.95,0.95,78.0,,14.29,100.0,100.0,14.3,Abdul Rakhman Yakhyaev
http://ufcstats.com/fighter-details/09a4447655fd4b7b,Rafael Cerqueira,75.0,76.0,Southpaw,"Mar 15, 1990",1.56,5.05,43.0,,0.0,0.0,36.0,0.0,Rafael Cerqueira
http://ufcstats.com/fighter-details/a4dc0f2b95df4cc1,Bekzat Almakhan,67.0,68.0,Orthodox,"Oct 08, 1997",1.61,3.73,34.0,,0.0,0.0,41.0,0.0,Bekzat Almakhan
http://ufcstats.com/fighter-details/4a6dff1b260bcf61,Aleksandre Topuria,67.0,68.0,Orthodox,"Jan 28, 1996",2.93,2.57,55.0,,1.5,33.0,100.0,0.0,Aleksandre Topuria
http://ufcstats.com/fighter-details/6a96ad1bc34fb113,Ismail Naurdiev,70.0,74.0,Orthodox,"Aug 18, 1996",3.66,1.75,52.0,,1.48,40.0,73.0,0.2,Ismail Naurdiev
http://ufcstats.com/fighter-details/d5bab53a1a603aac,Ryan Loder,74.0,76.0,Southpaw,"Jun 05, 1991",5.1,2.46,69.0,,1.37,14.0,100.0,1.4,Ryan Loder
http://ufcstats.com/fighter-details/ca28cdf526d6b6e9,Nurullo Aliev,70.0,72.0,Orthodox,"Dec 08, 2000",2.72,1.63,44.0,,2.12,43.0,80.0,0.3,Nurullo Aliev
http://ufcstats.com/fighter-details/52b6bf4528130e86,Shem Rock,71.0,73.0,Southpaw,"Nov 05, 1993",2.93,3.4,42.0,,1.0,11.0,80.0,0.0,Shem Rock
http://ufcstats.com/fighter-details/ac0874309da489b9,Marek Bujlo,76.0,77.0,Orthodox,"Oct 10, 1992",2.07,3.27,38.0,,0.0,0.0,0.0,0.0,Marek Bujlo
http://ufcstats.com/fighter-details/b5c19c34f12c917e,Denzel Freeman,73.0,77.0,Southpaw,"Nov 10, 1991",3.27,2.07,62.0,,0.0,0.0,0.0,0.0,Denzel Freeman
http://ufcstats.com/fighter-details/6b453bc35a823c3f,Jack Della Maddalena,71.0,73.0,Switch,"Sep 10, 1996",5.57,3.84,51.0,,0.13,10.0,64.0,0.1,Jack Della Maddalena
http://ufcstats.com/fighter-details/275aca31f61ba28c,Islam Makhachev,70.0,70.0,Southpaw,"Oct 27, 1991",2.45,1.45,58.0,,3.1,56.0,91.0,1.0,Islam Makhachev
http://ufcstats.com/fighter-details/132deb59abae64b1,Valentina Shevchenko,65.0,66.0,Southpaw,"Mar 07, 1988",3.04,2.0,52.0,,2.65,61.0,76.0,0.3,Valentina Shevchenko
http://ufcstats.com/fighter-details/1ebe20ebbfa15e29,Zhang Weili,64.0,63.0,Switch,"Aug 13, 1989",4.66,2.63,52.0,,1.96,44.0,63.0,0.5,Zhang Weili
http://ufcstats.com/fighter-details/45f7cb591c3ab00b,Sean Brady,70.0,72.0,Orthodox,"Nov 23, 1992",3.96,3.05,55.0,,3.53,53.0,86.0,0.9,Sean Brady
http://ufcstats.com/fighter-details/c32aeb1a59e6272d,Michael Morales,72.0,79.0,Orthodox,"Jun 24, 1999",5.68,3.26,49.0,,1.04,41.0,89.0,0.0,Michael Morales
http://ufcstats.com/fighter-details/f1fac969a1d70b08,Leon Edwards,74.0,74.0,Southpaw,"Aug 25, 1991",2.6,2.44,54.0,,1.25,37.0,63.0,0.4,Leon Edwards
http://ufcstats.com/fighter-details/7ee0fd831c0fe7c3,Carlos Prates,73.0,78.0,Switch,"Aug 17, 1993",3.77,4.53,55.0,,0.21,100.0,80.0,0.0,Carlos Prates
http://ufcstats.com/fighter-details/08af939f41b5a57b,Beneil Dariush,70.0,72.0,Southpaw,"May 06, 1989",3.78,2.62,49.0,,2.11,38.0,82.0,0.8,Beneil Dariush
http://ufcstats.com/fighter-details/c2299ec916bc7c56,Benoit Saint Denis,71.0,73.0,Southpaw,"Dec 18, 1995",5.07,4.21,55.0,,4.33,37.0,70.0,1.6,Benoit Saint Denis
http://ufcstats.com/fighter-details/35673bf5204524ee,Bo Nickal,73.0,76.0,Southpaw,"Jan 14, 1996",3.35,2.07,61.0,,3.1,55.0,100.0,2.5,Bo Nickal
http://ufcstats.com/fighter-details/260e9e0d4954aea6,Rodolfo Vieira,72.0,73.0,Orthodox,"Sep 25, 1989",3.55,4.38,53.0,,2.7,21.0,75.0,0.9,Rodolfo Vieira
http://ufcstats.com/fighter-details/9d83f6da776ff7d6,Roman Kopylov,72.0,75.0,Southpaw,"May 04, 1992",4.59,5.18,50.0,,1.14,47.0,88.0,0.0,Roman Kopylov
http://ufcstats.com/fighter-details/d1c65d2cf2925ddd,Gregory Rodrigues,75.0,75.0,Orthodox,"Feb 17, 1992",5.6,4.84,51.0,,1.93,34.0,75.0,0.4,Gregory Rodrigues
http://ufcstats.com/fighter-details/669970f7feba8ecd,Erin Blanchfield,64.0,66.0,Orthodox,"May 04, 1999",5.24,4.25,44.0,,1.96,34.0,78.0,0.9,Erin Blanchfield
http://ufcstats.com/fighter-details/68d4a891e5cf2029,Tracy Cortez,65.0,65.0,Orthodox,"Dec 10, 1993",3.86,3.01,48.0,,2.15,46.0,59.0,0.3,Tracy Cortez
http://ufcstats.com/fighter-details/2e45d08b3f2f02c8,Malcolm Wellmaker,70.0,71.0,Switch,"Jun 04, 1994",5.8,5.39,56.0,,0.0,0.0,57.0,0.0,Malcolm Wellmaker
http://ufcstats.com/fighter-details/d776b5814f2400b4,Ethyn Ewing,66.0,69.0,Orthodox,"Feb 16, 1998",5.67,5.13,52.0,,3.0,60.0,100.0,0.0,Ethyn Ewing
http://ufcstats.com/fighter-details/d6c0cdd7e467c440,Kyle Daukaus,74.0,76.0,Southpaw,"Feb 27, 1993",3.32,2.9,53.0,,2.08,25.0,82.0,2.1,Kyle Daukaus
http://ufcstats.com/fighter-details/6ac9bc2953c47345,Gerald Meerschaert,73.0,77.0,Southpaw,"Dec 18, 1987",3.01,3.52,45.0,,1.82,30.0,42.0,1.4,Gerald Meerschaert
http://ufcstats.com/fighter-details/b8bbdeff718dbb7d,Pat Sabatini,68.0,70.0,Orthodox,"Nov 09, 1990",1.69,1.09,59.0,,4.48,50.0,50.0,1.5,Pat Sabatini
http://ufcstats.com/fighter-details/e0c6edcb5b5d0b90,Chepe Mariscal,67.0,69.0,Orthodox,"Oct 27, 1992",4.14,2.66,55.0,,2.34,39.0,59.0,0.2,Chepe Mariscal
http://ufcstats.com/fighter-details/f0feeb2192937424,Angela Hill,63.0,64.0,Orthodox,"Jan 12, 1985",5.37,5.02,50.0,,0.75,30.0,72.0,0.1,Angela Hill
http://ufcstats.com/fighter-details/745fa7b605f8e2da,Fatima Kline,66.0,67.0,Orthodox,"Jul 12, 2000",5.01,2.71,50.0,,2.02,58.0,50.0,0.0,Fatima Kline
http://ufcstats.com/fighter-details/d1feea7a4bdcd503,Baisangur Susurkaev,74.0,79.0,Orthodox,"Jan 08, 2001",4.56,3.78,59.0,,2.76,28.0,100.0,0.7,Baisangur Susurkaev
http://ufcstats.com/fighter-details/9508cc6184cb2450,Eric McConico,72.0,77.0,Southpaw,"May 09, 1990",2.61,3.23,43.0,,0.0,0.0,64.0,0.0,Eric McConico
http://ufcstats.com/fighter-details/19c591115a58982c,Viacheslav Borshchev,71.0,69.0,Orthodox,"Jan 08, 1992",5.1,4.46,50.0,,0.0,0.0,43.0,0.1,Viacheslav Borshchev
http://ufcstats.com/fighter-details/72f890c5d421e705,Matheus Camilo,70.0,69.0,Orthodox,"Jan 02, 2001",2.19,3.25,43.0,,4.43,53.0,0.0,0.6,Matheus Camilo
http://ufcstats.com/fighter-details/01641ba5df0c69b0,Gabriel Bonfim,73.0,72.0,Orthodox,"Aug 20, 1997",4.61,3.68,46.0,,3.6,55.0,76.0,1.4,Gabriel Bonfim
http://ufcstats.com/fighter-details/c6aee362c7a7d482,Randy Brown,75.0,78.0,Orthodox,"Jul 08, 1990",4.49,3.33,47.0,,0.76,39.0,73.0,0.6,Randy Brown
http://ufcstats.com/fighter-details/67c1d46f4ed16f9e,Matt Schnell,68.0,70.0,Orthodox,"Jan 15, 1990",4.07,4.11,40.0,,0.6,45.0,43.0,1.2,Matt Schnell
http://ufcstats.com/fighter-details/2fe9032955c2e013,Joseph Morales,66.0,69.0,Switch,"Aug 22, 1994",2.0,2.05,40.0,,1.14,42.0,26.0,3.0,Joseph Morales
http://ufcstats.com/fighter-details/447f9858ae78f921,Muslim Salikhov,71.0,70.0,Orthodox,"Jun 09, 1984",3.37,2.96,49.0,,1.07,32.0,72.0,0.0,Muslim Salikhov
http://ufcstats.com/fighter-details/681399317dbf4701,Uros Medic,73.0,71.0,Southpaw,"Apr 25, 1993",5.53,3.46,60.0,,0.35,50.0,55.0,0.0,Uros Medic
http://ufcstats.com/fighter-details/06626b6287e1ae1e,Chris Padilla,69.0,74.0,Orthodox,"Sep 14, 1995",4.78,3.87,54.0,,1.18,30.0,75.0,0.4,Chris Padilla
http://ufcstats.com/fighter-details/eb393afdbe3293d5,Ismael Bonfim,68.0,71.0,Orthodox,"Dec 28, 1995",5.51,3.71,54.0,,1.06,33.0,76.0,0.0,Ismael Bonfim
http://ufcstats.com/fighter-details/a93f94c923c3a9cb,Christian Leroy Duncan,74.0,79.0,Switch,"Jul 24, 1995",4.6,2.97,58.0,,0.4,20.0,69.0,0.0,Christian Leroy Duncan
http://ufcstats.com/fighter-details/9384e71bca6c409d,Marco Tulio,72.0,74.0,Orthodox,"Jun 13, 1994",6.69,2.58,58.0,,1.42,26.0,0.0,0.3,Marco Tulio
http://ufcstats.com/fighter-details/41cc71cbf210e0fe,Hyder Amil,69.0,70.0,Switch,"May 28, 1990",5.81,3.95,52.0,,0.56,18.0,65.0,0.8,Hyder Amil
http://ufcstats.com/fighter-details/e00a3dee329a51f7,Jamall Emmers,70.0,74.0,Orthodox,"Jul 24, 1989",5.1,3.92,49.0,,2.59,53.0,81.0,0.3,Jamall Emmers
http://ufcstats.com/fighter-details/5987b2458f4b5290,Ricky Simon,66.0,69.0,Orthodox,"Aug 31, 1992",3.04,3.85,43.0,,4.66,41.0,76.0,0.3,Ricky Simon
http://ufcstats.com/fighter-details/b9f28e7045fdfce7,Raoni Barcelos,67.0,67.0,Orthodox,"May 01, 1987",4.92,4.4,51.0,,2.22,31.0,87.0,0.6,Raoni Barcelos
http://ufcstats.com/fighter-details/cc8c623cca88f54f,Mayra Bueno Silva,66.0,66.0,Orthodox,"Aug 22, 1991",3.71,4.9,56.0,,0.51,23.0,63.0,1.3,Mayra Bueno Silva
http://ufcstats.com/fighter-details/e3964ece586e0635,Jacqueline Cavalcanti,68.0,70.0,Orthodox,"Aug 29, 1997",5.65,3.17,46.0,,0.0,0.0,88.0,0.0,Jacqueline Cavalcanti
http://ufcstats.com/fighter-details/955da1675ad58a50,Josh Hokit,73.0,73.0,Orthodox,"Nov 12, 1997",5.12,1.42,69.0,,12.8,46.0,0.0,0.0,Josh Hokit
http://ufcstats.com/fighter-details/6a311920edd73c85,Max Gimenis,74.0,75.0,Orthodox,"Apr 14, 1993",3.21,9.64,42.0,,0.0,0.0,0.0,0.0,Max Gimenis
http://ufcstats.com/fighter-details/31ef8b67e13495b3,Tecia Pennington,61.0,60.0,Orthodox,"Aug 16, 1989",4.73,3.48,48.0,,0.56,14.0,62.0,0.1,Tecia Pennington
http://ufcstats.com/fighter-details/cffb87059e645bd1,Denise Gomes,62.0,63.0,Orthodox,"Dec 30, 1999",4.43,3.16,49.0,,1.45,34.0,66.0,0.7,Denise Gomes
http://ufcstats.com/fighter-details/46e0d677f91bacc0,Miles Johns,67.0,68.0,Orthodox,"Mar 30, 1994",3.36,2.99,44.0,,1.22,26.0,77.0,0.0,Miles Johns
http://ufcstats.com/fighter-details/850266b3dc4e506e,Daniel Marcos,67.0,69.0,Orthodox,"Mar 07, 1993",4.9,3.79,53.0,,1.35,52.0,85.0,0.1,Daniel Marcos
http://ufcstats.com/fighter-details/23dec7c47cb418f8,Zach Reese,76.0,77.0,Switch,"Mar 24, 1994",4.32,3.82,56.0,,3.41,66.0,57.0,1.4,Zach Reese
http://ufcstats.com/fighter-details/3eeec2f53cebdf12,Jackson McVey,76.0,77.0,Southpaw,"Mar 25, 1999",5.87,3.82,68.0,,0.0,0.0,0.0,0.0,Jackson McVey
http://ufcstats.com/fighter-details/97cf1a2c7c5e7889,Steve Garcia,72.0,75.0,Southpaw,"May 22, 1992",5.39,2.12,49.0,,0.86,40.0,88.0,0.4,Steve Garcia
http://ufcstats.com/fighter-details/ffe9703408fb5964,David Onama,71.0,74.0,Orthodox,"Jun 07, 1994",5.07,4.89,50.0,,1.05,30.0,52.0,0.5,David Onama
http://ufcstats.com/fighter-details/7d8435c56043b0ae,Ante Delija,75.0,78.0,Orthodox,"Aug 07, 1990",4.81,2.65,45.0,,0.0,0.0,0.0,0.0,Ante Delija
http://ufcstats.com/fighter-details/d66a46de8d705353,Jeremiah Wells,69.0,74.0,Switch,"Oct 30, 1986",2.35,1.28,46.0,,3.06,46.0,50.0,1.3,Jeremiah Wells
http://ufcstats.com/fighter-details/40f3cb27fc7305a1,Themba Gorimbo,73.0,77.0,Orthodox,"Jan 23, 1991",2.72,1.32,60.0,,5.07,65.0,72.0,0.4,Themba Gorimbo
http://ufcstats.com/fighter-details/a57cb948c4c70a47,Isaac Dulgarian,67.0,71.0,Orthodox,"Jul 04, 1996",2.99,1.65,63.0,,4.57,50.0,0.0,1.8,Isaac Dulgarian
http://ufcstats.com/fighter-details/70380ccdc81915b8,Yadier del Valle,69.0,69.0,Southpaw,"Jul 29, 1996",6.25,2.87,67.0,,2.08,42.0,75.0,3.5,Yadier del Valle
http://ufcstats.com/fighter-details/feedf3053472fe56,Charles Radtke,69.0,72.0,Orthodox,"Jul 09, 1990",2.8,2.63,54.0,,1.32,30.0,100.0,0.7,Charles Radtke
http://ufcstats.com/fighter-details/7cec3c4a5e7b6d68,Daniel Frunza,73.0,73.0,Orthodox,"Apr 13, 1994",3.25,4.32,38.0,,0.0,0.0,50.0,0.0,Daniel Frunza
http://ufcstats.com/fighter-details/253076a23d03dcd0,Allan Nascimento,68.0,69.0,Orthodox,"Sep 11, 1991",3.06,2.53,55.0,,1.26,23.0,37.0,1.1,Allan Nascimento
http://ufcstats.com/fighter-details/7f6ed67d3ed3c036,Cody Durden,67.0,67.0,Southpaw,"Mar 29, 1991",3.66,4.47,44.0,,3.99,47.0,75.0,0.7,Cody Durden
http://ufcstats.com/fighter-details/07a74004d964c7f4,Billy Elekana,75.0,77.0,Southpaw,"May 28, 1995",2.66,3.28,60.0,,0.55,25.0,0.0,0.6,Billy Elekana
http://ufcstats.com/fighter-details/7e9b36a9847db116,Kevin Christian,79.0,80.0,Orthodox,"Jan 21, 1995",1.64,2.65,56.0,,0.0,0.0,50.0,2.3,Kevin Christian
http://ufcstats.com/fighter-details/0e46690e55a8df75,Timmy Cuamba,69.0,71.0,Orthodox,"Feb 08, 1999",2.77,3.58,44.0,,1.31,31.0,72.0,0.0,Timmy Cuamba
http://ufcstats.com/fighter-details/117a06469813e4ef,ChangHo Lee,68.0,69.0,Orthodox,"May 09, 1994",3.88,2.13,66.0,,3.2,34.0,40.0,0.3,ChangHo Lee
http://ufcstats.com/fighter-details/ad5cb64af10fc946,Donte Johnson,68.0,74.0,Southpaw,"Jan 25, 1999",3.34,1.87,64.0,,6.01,100.0,80.0,2.0,Donte Johnson
http://ufcstats.com/fighter-details/4e6738062d469256,Sedriques Dumas,74.0,79.0,Orthodox,"Aug 06, 1995",2.0,2.41,44.0,,1.34,31.0,33.0,0.2,Sedriques Dumas
http://ufcstats.com/fighter-details/b9706f80d005036c,Ketlen Vieira,68.0,68.0,Orthodox,"Aug 26, 1991",2.76,3.75,40.0,,1.33,44.0,90.0,0.6,Ketlen Vieira
http://ufcstats.com/fighter-details/d3f5d33d61cd00c9,Norma Dumont,67.0,67.0,Orthodox,"Oct 01, 1990",3.89,2.12,50.0,,1.56,56.0,68.0,0.0,Norma Dumont
http://ufcstats.com/fighter-details/87f8699fdcc2c404,Alice Ardelean,63.0,62.0,Orthodox,"Apr 19, 1992",7.35,5.2,45.0,,1.0,44.0,85.0,0.0,Alice Ardelean
http://ufcstats.com/fighter-details/1235b31de15d0c6e,Montserrat Conejo Ruiz,60.0,61.0,Southpaw,"Feb 03, 1993",2.21,6.19,29.0,,1.75,50.0,44.0,0.6,Montserrat Conejo Ruiz
http://ufcstats.com/fighter-details/8e382b585a92affe,Phil Rowe,75.0,80.0,Orthodox,"Jul 18, 1990",3.5,4.12,50.0,,0.52,36.0,50.0,0.3,Phil Rowe
http://ufcstats.com/fighter-details/4a07b1988477502c,Seokhyeon Ko,70.0,71.0,Southpaw,"Sep 24, 1993",2.73,1.42,59.0,,4.0,63.0,75.0,0.3,Seokhyeon Ko
http://ufcstats.com/fighter-details/d35298b6df168456,Talita Alencar,61.0,58.0,Orthodox,"Oct 17, 1990",2.91,3.36,37.0,,3.02,26.0,66.0,0.6,Talita Alencar
http://ufcstats.com/fighter-details/c0d5c0c95c59050b,Ariane Carnelossi,62.0,61.0,Orthodox,"Nov 17, 1992",2.63,4.61,38.0,,1.08,50.0,22.0,0.2,Ariane Carnelossi
http://ufcstats.com/fighter-details/399afbabc02376b5,Tom Aspinall,77.0,78.0,Orthodox,"Apr 11, 1993",7.63,3.62,67.0,,2.62,80.0,100.0,1.3,Tom Aspinall
http://ufcstats.com/fighter-details/787bb1f087ccff8a,Ciryl Gane,76.0,81.0,Orthodox,"Apr 12, 1990",5.29,2.33,61.0,,0.68,25.0,47.0,0.6,Ciryl Gane
http://ufcstats.com/fighter-details/7dda2cf308f24a02,Virna Jandiroba,63.0,64.0,Orthodox,"May 30, 1988",2.33,2.9,41.0,,2.85,37.0,74.0,1.5,Virna Jandiroba
http://ufcstats.com/fighter-details/7447e9f28508106a,Mackenzie Dern,64.0,63.0,Orthodox,"Mar 24, 1993",3.47,3.93,41.0,,0.93,18.0,37.0,1.1,Mackenzie Dern
http://ufcstats.com/fighter-details/2b6fc1c02736833d,Umar Nurmagomedov,68.0,69.0,Orthodox,"Jan 03, 1996",4.08,2.04,57.0,,4.3,47.0,79.0,0.3,Umar Nurmagomedov
http://ufcstats.com/fighter-details/bc711b6dd95c1af6,Mario Bautista,69.0,69.0,Switch,"Jul 01, 1993",5.58,4.19,48.0,,1.48,32.0,54.0,0.8,Mario Bautista
http://ufcstats.com/fighter-details/279566840aa55bf2,Alexander Volkov,79.0,80.0,Orthodox,"Oct 24, 1988",4.78,2.86,57.0,,0.57,66.0,68.0,0.2,Alexander Volkov
http://ufcstats.com/fighter-details/41e83a89929d1327,Jailton Almeida,75.0,79.0,Orthodox,"Jun 26, 1991",2.25,1.02,66.0,,6.66,62.0,60.0,2.0,Jailton Almeida
http://ufcstats.com/fighter-details/333b9e5c723ac873,Aleksandar Rakic,76.0,78.0,Orthodox,"Feb 06, 1992",4.13,2.86,50.0,,0.64,21.0,85.0,0.1,Aleksandar Rakic
http://ufcstats.com/fighter-details/e90a2f22417af68e,Azamat Murzakanov,70.0,71.0,Southpaw,"Apr 12, 1989",4.7,2.86,57.0,,0.55,15.0,87.0,0.0,Azamat Murzakanov
http://ufcstats.com/fighter-details/b7b84ccd221be298,Nasrat Haqparast,70.0,72.0,Southpaw,"Aug 22, 1995",6.36,6.0,45.0,,0.34,20.0,86.0,0.0,Nasrat Haqparast
http://ufcstats.com/fighter-details/17734443a833cdf7,Quillan Salkilld,72.0,75.0,Orthodox,"Dec 28, 1999",5.49,3.5,57.0,,7.77,34.0,100.0,0.5,Quillan Salkilld
http://ufcstats.com/fighter-details/b07aed698fba8624,Ikram Aliskerov,72.0,76.0,Southpaw,"Dec 07, 1992",6.86,5.47,64.0,,3.2,60.0,100.0,0.5,Ikram Aliskerov
http://ufcstats.com/fighter-details/285ae0b4a68221f4,JunYong Park,70.0,73.0,Orthodox,"Feb 27, 1991",4.64,3.82,51.0,,1.69,42.0,54.0,0.8,JunYong Park
http://ufcstats.com/fighter-details/5b86d491d63890c5,Ludovit Klein,67.0,72.0,Southpaw,"Feb 22, 1995",3.76,3.48,53.0,,1.37,51.0,76.0,0.0,Ludovit Klein
http://ufcstats.com/fighter-details/849c5d9979df5357,Mateusz Rebecki,67.0,66.0,Southpaw,"Oct 03, 1992",5.21,4.69,46.0,,3.38,52.0,50.0,0.5,Mateusz Rebecki
http://ufcstats.com/fighter-details/f5779a2303ed76ec,Valter Walker,78.0,78.0,Orthodox,"Dec 14, 1997",2.0,2.85,52.0,,5.74,69.0,0.0,2.5,Valter Walker
http://ufcstats.com/fighter-details/cdb7b38b1b357f26,Louie Sutherland,75.0,76.0,Orthodox,"Feb 08, 1994",2.14,3.57,60.0,,0.0,0.0,0.0,0.0,Louie Sutherland
http://ufcstats.com/fighter-details/329e403448756217,Nathaniel Wood,66.0,69.0,Orthodox,"May 08, 1993",5.74,4.32,52.0,,1.46,50.0,73.0,0.5,Nathaniel Wood
http://ufcstats.com/fighter-details/7d6ceff6747f2de2,Jose Delgado,71.0,74.0,Switch,"Apr 21, 1998",8.22,5.44,54.0,,1.81,42.0,60.0,0.0,Jose Delgado
http://ufcstats.com/fighter-details/3329d692aea4dc28,Hamdy Abdelwahab,74.0,72.0,Southpaw,"Jan 22, 1993",4.27,3.67,55.0,,3.25,65.0,100.0,0.0,Hamdy Abdelwahab
http://ufcstats.com/fighter-details/7a5e8c94a86f9895,Chris Barnett,69.0,75.0,Orthodox,"Jun 14, 1986",3.36,6.55,47.0,,0.0,0.0,35.0,0.0,Chris Barnett
http://ufcstats.com/fighter-details/7f1bf0c255ec8756,Azat Maksum,67.0,70.0,Southpaw,"Feb 02, 1995",2.75,4.25,27.0,,3.5,31.0,85.0,0.2,Azat Maksum
http://ufcstats.com/fighter-details/0be6776db31d98ec,Mitch Raposo,65.0,64.0,Switch,"Oct 16, 1998",1.73,2.65,36.0,,2.54,37.0,61.0,0.0,Mitch Raposo
http://ufcstats.com/fighter-details/bc7d1ad49fcb2d08,Jaqueline Amorim,63.0,68.0,Orthodox,"Jun 24, 1995",2.43,2.16,50.0,,2.16,36.0,0.0,3.8,Jaqueline Amorim
http://ufcstats.com/fighter-details/43a59ce3bb40449e,Mizuki,63.0,65.0,Orthodox,"Aug 19, 1994",4.45,4.65,52.0,,0.75,33.0,80.0,0.0,Mizuki
http://ufcstats.com/fighter-details/d549cefc7c54ab78,Reinier de Ridder,76.0,78.0,Southpaw,"Sep 07, 1990",2.2,2.04,53.0,,2.68,30.0,50.0,0.7,Reinier de Ridder
http://ufcstats.com/fighter-details/2f181c0467965b98,Brendan Allen,74.0,75.0,Orthodox,"Dec 28, 1995",3.59,3.62,53.0,,1.56,42.0,56.0,1.1,Brendan Allen
http://ufcstats.com/fighter-details/3a46b268013afede,Kevin Holland,75.0,81.0,Orthodox,"Nov 05, 1992",4.26,3.22,49.0,,0.83,39.0,56.0,0.5,Kevin Holland
http://ufcstats.com/fighter-details/dd6103dd7127db1d,Mike Malott,73.0,73.0,Orthodox,"Nov 07, 1991",3.93,3.06,48.0,,1.88,50.0,14.0,0.8,Mike Malott
http://ufcstats.com/fighter-details/7c7332319c14094c,Marlon Vera,68.0,70.0,Switch,"Dec 02, 1992",4.25,5.37,48.0,,0.49,39.0,72.0,0.8,Marlon Vera
http://ufcstats.com/fighter-details/24656ef4d605c96f,Aiemann Zahabi,68.0,68.0,Orthodox,"Nov 19, 1987",4.54,4.08,47.0,,0.12,14.0,83.0,0.0,Aiemann Zahabi
http://ufcstats.com/fighter-details/34ff304266360297,Manon Fiorot,67.0,65.0,Orthodox,"Feb 17, 1990",5.66,3.58,42.0,,1.05,29.0,87.0,0.0,Manon Fiorot
http://ufcstats.com/fighter-details/a9e260472d321361,Jasmine Jasudavicius,67.0,68.0,Orthodox,"Mar 01, 1989",3.7,3.71,45.0,,2.59,44.0,75.0,0.6,Jasmine Jasudavicius
http://ufcstats.com/fighter-details/f1d64ae34e088832,Charles Jourdain,69.0,69.0,Switch,"Nov 27, 1995",5.48,4.25,49.0,,0.33,21.0,47.0,0.7,Charles Jourdain
http://ufcstats.com/fighter-details/113df4fde64735c6,Davey Grant,68.0,69.0,Orthodox,"Dec 18, 1985",5.14,3.82,44.0,,1.03,40.0,63.0,0.2,Davey Grant
http://ufcstats.com/fighter-details/31f8081c7600da93,Kyle Nelson,71.0,71.0,Switch,"Apr 20, 1991",3.6,4.48,45.0,,1.18,23.0,66.0,0.5,Kyle Nelson
http://ufcstats.com/fighter-details/dccb63727f2f5f74,Matt Frevola,69.0,71.0,Orthodox,"Jun 11, 1990",3.3,3.76,39.0,,2.34,41.0,40.0,0.8,Matt Frevola
http://ufcstats.com/fighter-details/873626e5547b5235,Kyle Prepolec,70.0,70.0,Southpaw,"Aug 30, 1989",3.25,5.69,34.0,,0.0,0.0,45.0,0.0,Kyle Prepolec
http://ufcstats.com/fighter-details/519e4fe37ce9ff75,Drew Dober,68.0,70.0,Southpaw,"Oct 19, 1988",4.52,4.34,41.0,,0.63,16.0,58.0,0.1,Drew Dober
http://ufcstats.com/fighter-details/700a674c042b7a96,Cody Gibson,70.0,71.0,Orthodox,"Sep 11, 1987",3.63,3.22,46.0,,2.12,37.0,69.0,0.6,Cody Gibson
http://ufcstats.com/fighter-details/7d420039bbfe7c1a,Aoriqileng,67.0,69.0,Orthodox,"Jun 25, 1993",4.69,5.47,49.0,,1.2,46.0,58.0,0.0,Aoriqileng
http://ufcstats.com/fighter-details/294aa73dbf37d281,Bruno Silva,64.0,65.0,Orthodox,"Mar 16, 1990",3.82,4.55,50.0,,2.3,29.0,63.0,0.3,Bruno Silva
http://ufcstats.com/fighter-details/b671bdf981ad527d,HyunSung Park,67.0,66.0,Orthodox,"Nov 04, 1995",3.38,3.14,41.0,,1.5,31.0,47.0,1.8,HyunSung Park
http://ufcstats.com/fighter-details/b7c5eb7cdbac6a63,Danny Barlow,74.0,79.0,Southpaw,"Aug 02, 1995",5.81,4.65,51.0,,0.0,0.0,100.0,0.0,Danny Barlow
http://ufcstats.com/fighter-details/312f7d7b2b2f7de4,Djorden Santos,72.0,75.0,Orthodox,"Aug 01, 1997",7.0,5.98,44.0,,0.67,33.0,86.0,0.0,Djorden Santos
http://ufcstats.com/fighter-details/1b35af4d1529adf6,Stephanie Luciano,66.0,65.0,Orthodox,"Dec 16, 1999",5.2,3.04,42.0,,1.3,71.0,80.0,0.3,Stephanie Luciano
http://ufcstats.com/fighter-details/4948e412fa6ab67d,Ravena Oliveira,65.0,65.0,Orthodox,"Feb 20, 1997",1.4,2.8,29.0,,1.08,66.0,50.0,0.0,Ravena Oliveira
http://ufcstats.com/fighter-details/3bc3f60b21cddc6a,Azamat Bekoev,72.0,72.0,Orthodox,"Dec 30, 1995",4.07,7.66,45.0,,4.49,45.0,80.0,0.0,Azamat Bekoev
http://ufcstats.com/fighter-details/7674b836ce0698a0,Yousri Belgaroui,77.0,79.0,Orthodox,"Jun 02, 1992",5.82,2.52,66.0,,0.39,100.0,68.0,0.0,Yousri Belgaroui
http://ufcstats.com/fighter-details/51e2f44a8dbf6984,Melissa Croden,,,Orthodox,"Apr 12, 1991",6.81,2.89,56.0,,2.06,66.0,75.0,0.0,Melissa Croden
http://ufcstats.com/fighter-details/2c5f5749569eef66,Tainara Lisboa,67.0,67.0,Orthodox,"Mar 02, 1991",2.01,2.88,44.0,,1.67,31.0,53.0,0.3,Tainara Lisboa
http://ufcstats.com/fighter-details/07225ba28ae309b6,Charles Oliveira,70.0,74.0,Orthodox,"Oct 17, 1989",3.35,3.24,54.0,,2.22,40.0,54.0,2.6,Charles Oliveira
http://ufcstats.com/fighter-details/72db2a14ffa73ece,Mateusz Gamrot,70.0,70.0,Southpaw,"Dec 11, 1990",3.29,2.96,51.0,,5.15,37.0,83.0,0.1,Mateusz Gamrot
http://ufcstats.com/fighter-details/aa72b0f831d0bfe5,Deiveson Figueiredo,65.0,68.0,Orthodox,"Dec 18, 1987",2.75,3.54,54.0,,1.71,35.0,57.0,1.3,Deiveson Figueiredo
http://ufcstats.com/fighter-details/cc1a8b4b38b92c6d,Montel Jackson,70.0,75.0,Southpaw,"Apr 24, 1992",3.09,1.4,52.0,,3.0,63.0,67.0,0.3,Montel Jackson
http://ufcstats.com/fighter-details/6d4b63c767106d3a,Vicente Luque,71.0,75.0,Orthodox,"Nov 27, 1991",4.83,5.3,51.0,,0.9,48.0,60.0,0.7,Vicente Luque
http://ufcstats.com/fighter-details/58bbef3770bb2dfc,Joel Alvarez,75.0,77.0,Orthodox,"Mar 02, 1993",4.78,3.07,55.0,,0.19,33.0,47.0,1.1,Joel Alvarez
http://ufcstats.com/fighter-details/25f9a5f3e8a52618,Jhonata Diniz,76.0,79.0,Orthodox,"Jun 23, 1991",3.89,3.62,56.0,,0.0,0.0,70.0,0.0,Jhonata Diniz
http://ufcstats.com/fighter-details/39d309957c5c210d,Mario Pinto,77.0,79.0,Orthodox,"Mar 14, 1998",3.39,2.42,78.0,,2.72,60.0,100.0,1.8,Mario Pinto
http://ufcstats.com/fighter-details/1ae8f3c723aacff4,Ricardo Ramos,69.0,72.0,Orthodox,"Aug 01, 1995",2.91,3.97,36.0,,2.51,57.0,67.0,1.0,Ricardo Ramos
http://ufcstats.com/fighter-details/7facc9c45d792985,Kaan Ofli,67.0,66.0,Orthodox,"Jun 19, 1993",1.79,2.61,46.0,,0.61,14.0,0.0,0.6,Kaan Ofli
http://ufcstats.com/fighter-details/710f0f8c5d5c9d41,Lucas Almeida,71.0,71.0,Orthodox,"Jan 31, 1991",4.94,5.36,39.0,,0.0,0.0,53.0,0.0,Lucas Almeida
http://ufcstats.com/fighter-details/01c9e4013afce141,Michael Aswell Jr.,68.0,69.0,Orthodox,"Sep 27, 2000",9.56,7.79,45.0,,0.0,0.0,57.0,0.0,Michael Aswell Jr.
http://ufcstats.com/fighter-details/65adf3856c4d9256,Jafel Filho,67.0,68.0,Orthodox,"May 05, 1993",1.85,1.62,41.0,,2.52,45.0,66.0,2.2,Jafel Filho
http://ufcstats.com/fighter-details/b62d5280966b2460,Clayton Carpenter,66.0,66.0,Orthodox,"Jun 09, 1996",3.66,2.57,53.0,,1.99,46.0,37.0,1.3,Clayton Carpenter
http://ufcstats.com/fighter-details/71171fc96445bf65,Vitor Petrino,74.0,77.0,Orthodox,"Aug 28, 1997",2.75,2.48,46.0,,3.04,51.0,79.0,0.8,Vitor Petrino
http://ufcstats.com/fighter-details/764d39074a352e33,Thomas Petersen,73.0,74.0,Southpaw,"Mar 30, 1995",3.38,2.95,58.0,,3.71,50.0,87.0,0.5,Thomas Petersen
http://ufcstats.com/fighter-details/eff9074bc066f0f2,Bia Mesquita,64.0,67.0,Orthodox,"Apr 07, 1991",4.98,0.83,57.0,,4.15,66.0,0.0,2.1,Bia Mesquita
http://ufcstats.com/fighter-details/103e2e33a60683e1,Irina Alekseeva,68.0,67.0,Orthodox,"Jun 27, 1990",3.42,5.02,38.0,,0.38,20.0,50.0,0.4,Irina Alekseeva
http://ufcstats.com/fighter-details/e0d3d9b564f95635,Lucas Rocha,63.0,64.0,Orthodox,"Aug 12, 2000",5.09,3.67,49.0,,1.64,75.0,76.0,0.0,Lucas Rocha
http://ufcstats.com/fighter-details/2bd98ab77a8daa75,Stewart Nicoll,65.0,65.0,Orthodox,"Apr 11, 1996",3.0,6.69,34.0,,2.55,14.0,25.0,0.0,Stewart Nicoll
http://ufcstats.com/fighter-details/abb68e3c7ca128f2,Julia Polastri,62.0,64.0,Orthodox,"Mar 05, 1998",6.4,5.4,54.0,,0.73,80.0,60.0,0.4,Julia Polastri
http://ufcstats.com/fighter-details/d7c3816669784109,Karolina Kowalkiewicz,63.0,64.0,Orthodox,"Oct 15, 1985",5.54,5.77,42.0,,0.36,23.0,74.0,0.2,Karolina Kowalkiewicz
http://ufcstats.com/fighter-details/6fc506e1099afe20,Luan Lacerda,67.0,71.0,Orthodox,"Jan 07, 1993",4.02,5.79,46.0,,2.29,41.0,66.0,0.9,Luan Lacerda
http://ufcstats.com/fighter-details/72ea1984c52019b5,Saimon Oliveira,64.0,72.0,Orthodox,"Apr 21, 1991",2.62,3.87,42.0,,1.18,28.0,36.0,1.2,Saimon Oliveira
http://ufcstats.com/fighter-details/d802174b0c0c1f4e,Magomed Ankalaev,75.0,75.0,Orthodox,"Jun 02, 1992",3.65,2.59,52.0,,0.79,22.0,87.0,0.0,Magomed Ankalaev
http://ufcstats.com/fighter-details/e5549c82bfb5582d,Alex Pereira,76.0,79.0,Orthodox,"Jul 07, 1987",5.16,3.5,62.0,,0.11,50.0,79.0,0.2,Alex Pereira
http://ufcstats.com/fighter-details/65f09bacd3957381,Cory Sandhagen,71.0,70.0,Switch,"Apr 20, 1992",4.86,3.47,45.0,,1.15,34.0,56.0,0.2,Cory Sandhagen
http://ufcstats.com/fighter-details/009341ed974bad72,Jiri Prochazka,75.0,80.0,Orthodox,"Oct 14, 1992",5.69,5.6,55.0,,0.51,60.0,68.0,0.2,Jiri Prochazka
http://ufcstats.com/fighter-details/749f572d1d3161fb,Khalil Rountree Jr.,73.0,76.0,Southpaw,"Feb 26, 1990",3.88,4.33,40.0,,0.0,0.0,58.0,0.1,Khalil Rountree Jr.
http://ufcstats.com/fighter-details/fba03cd6cc28dc41,Josh Emmett,66.0,70.0,Orthodox,"Mar 04, 1985",3.72,4.43,35.0,,1.08,37.0,43.0,0.1,Josh Emmett
http://ufcstats.com/fighter-details/52c2ae6d2f2d2613,Youssef Zalal,70.0,72.0,Switch,"Sep 04, 1996",3.03,1.78,50.0,,2.17,31.0,59.0,1.4,Youssef Zalal
http://ufcstats.com/fighter-details/36b8f265bcd1b7a4,Abus Magomedov,74.0,78.0,Orthodox,"Sep 02, 1990",3.07,3.43,49.0,,2.61,59.0,100.0,0.4,Abus Magomedov
http://ufcstats.com/fighter-details/c1085e1701b13eca,Joe Pyfer,74.0,75.0,Orthodox,"Sep 17, 1996",3.47,3.05,43.0,,1.23,33.0,50.0,1.0,Joe Pyfer
http://ufcstats.com/fighter-details/2f815ed5f8278ba6,Ateba Gautier,76.0,81.0,Switch,"Apr 10, 2002",6.57,1.95,60.0,,0.98,100.0,92.0,0.0,Ateba Gautier
http://ufcstats.com/fighter-details/563a1d42bb0e3cef,Tre'ston Vines,73.0,79.0,Orthodox,"Jun 18, 1996",0.0,3.56,0.0,,0.0,0.0,0.0,0.0,Tre'ston Vines
http://ufcstats.com/fighter-details/b67d6bacc68d4c92,Daniel Santos,67.0,67.0,Orthodox,"Mar 12, 1995",4.76,5.03,40.0,,3.01,40.0,73.0,0.0,Daniel Santos
http://ufcstats.com/fighter-details/a44020ea2e8cd026,JooSang Yoo,67.0,71.0,Orthodox,"Jan 21, 1994",6.36,4.99,58.0,,0.0,0.0,50.0,0.0,JooSang Yoo
http://ufcstats.com/fighter-details/2cfba6c837c03ed0,Patchy Mix,71.0,70.0,Southpaw,"Aug 16, 1993",5.3,7.3,43.0,,2.5,62.0,0.0,0.0,Patchy Mix
http://ufcstats.com/fighter-details/6902fcf0610dd303,Jakub Wiklacz,70.0,72.0,Orthodox,"Sep 10, 1996",3.07,2.47,55.0,,0.0,0.0,28.0,3.0,Jakub Wiklacz
http://ufcstats.com/fighter-details/4144798612ef96e5,Edmen Shahbazyan,74.0,75.0,Orthodox,"Nov 20, 1997",3.8,3.6,48.0,,1.62,37.0,66.0,0.4,Edmen Shahbazyan
http://ufcstats.com/fighter-details/886264a0c9f4ea5e,Andre Muniz,73.0,78.0,Southpaw,"Feb 17, 1990",2.08,2.46,48.0,,3.98,48.0,35.0,1.1,Andre Muniz
http://ufcstats.com/fighter-details/64facb6cc564262d,Punahele Soriano,71.0,72.0,Southpaw,"Nov 22, 1992",4.66,3.42,54.0,,1.83,48.0,40.0,0.1,Punahele Soriano
http://ufcstats.com/fighter-details/0f1efce7d2571d10,Nikolay Veretennikov,73.0,74.0,Orthodox,"Dec 22, 1989",2.49,3.25,56.0,,0.43,16.0,62.0,0.4,Nikolay Veretennikov
http://ufcstats.com/fighter-details/9cdd2da1a9104a0b,Macy Chiasson,71.0,72.0,Orthodox,"Jul 27, 1991",3.5,2.86,46.0,,2.07,37.0,72.0,0.4,Macy Chiasson
http://ufcstats.com/fighter-details/3143bf892608139a,Yana Santos,66.0,68.0,Orthodox,"Nov 11, 1989",4.41,3.12,57.0,,0.78,47.0,51.0,0.1,Yana Santos
http://ufcstats.com/fighter-details/45f0cc9d18f35137,Chris Gutierrez,69.0,67.0,Orthodox,"Apr 22, 1991",4.4,2.65,57.0,,0.3,30.0,67.0,0.1,Chris Gutierrez
http://ufcstats.com/fighter-details/a09ed60aa67a3f67,Farid Basharat,68.0,71.0,Orthodox,"Aug 02, 1997",4.05,2.47,52.0,,3.6,47.0,72.0,0.4,Farid Basharat
http://ufcstats.com/fighter-details/3d074044a33825e7,Ramiz Brahimaj,70.0,72.0,Orthodox,"Nov 17, 1992",2.23,3.42,46.0,,1.74,38.0,48.0,2.0,Ramiz Brahimaj
http://ufcstats.com/fighter-details/32c3ee378671a5d9,Austin Vanderford,71.0,74.0,Orthodox,"Mar 21, 1990",3.04,2.71,59.0,,3.08,35.0,100.0,1.2,Austin Vanderford
http://ufcstats.com/fighter-details/4798e823ada58fe9,Veronica Hardy,64.0,64.0,Southpaw,"Oct 30, 1995",3.06,3.24,45.0,,0.82,41.0,51.0,0.3,Veronica Hardy
http://ufcstats.com/fighter-details/4333a8e70a672eb7,Brogan Walker,64.0,67.0,Switch,"Aug 02, 1988",1.84,3.32,32.0,,1.02,75.0,11.0,0.0,Brogan Walker
http://ufcstats.com/fighter-details/9014c02eff8b3d62,Carlos Ulberg,76.0,77.0,Orthodox,"Nov 07, 1990",6.54,4.04,55.0,,0.55,60.0,85.0,0.2,Carlos Ulberg
http://ufcstats.com/fighter-details/2e19380f34871c6a,Dominick Reyes,76.0,77.0,Southpaw,"Dec 26, 1989",5.39,3.49,54.0,,0.29,28.0,82.0,0.3,Dominick Reyes
http://ufcstats.com/fighter-details/70e1f8a821b72c8b,Jimmy Crute,74.0,74.0,Orthodox,"Mar 04, 1996",4.15,3.65,52.0,,4.39,52.0,58.0,2.0,Jimmy Crute
http://ufcstats.com/fighter-details/64ad3e3b0efa30bb,Ivan Erslan,74.0,72.0,Orthodox,"Nov 15, 1991",2.55,5.01,46.0,,0.45,20.0,61.0,0.0,Ivan Erslan
http://ufcstats.com/fighter-details/a9da3158dd2c2b5a,Jack Jenkins,67.0,68.0,Switch,"Nov 03, 1993",4.48,2.95,61.0,,1.98,60.0,71.0,0.2,Jack Jenkins
http://ufcstats.com/fighter-details/c5ccd878231c5407,Ramon Taveras,68.0,70.0,Southpaw,"Jan 09, 1994",4.07,6.45,43.0,,0.0,0.0,72.0,0.0,Ramon Taveras
http://ufcstats.com/fighter-details/a845f0735bc67405,Jake Matthews,71.0,73.0,Orthodox,"Aug 19, 1994",3.34,2.62,43.0,,1.44,41.0,64.0,0.8,Jake Matthews
http://ufcstats.com/fighter-details/84b3e7d38f2d2ec5,Neil Magny,75.0,80.0,Orthodox,"Aug 03, 1987",3.41,2.44,46.0,,2.18,39.0,55.0,0.3,Neil Magny
http://ufcstats.com/fighter-details/6c3b2525436cf5d4,Tom Nolan,75.0,73.0,Southpaw,"Mar 08, 2000",5.87,4.73,45.0,,0.74,22.0,71.0,1.9,Tom Nolan
http://ufcstats.com/fighter-details/b39f7a6c2be17ee8,Charlie Campbell,72.0,72.0,Orthodox,"Jul 03, 1995",5.23,4.17,51.0,,2.45,36.0,62.0,0.0,Charlie Campbell
http://ufcstats.com/fighter-details/b4b496ec2197ee3e,Navajo Stirling,76.0,79.0,Orthodox,"Nov 07, 1997",6.13,2.6,52.0,,1.15,28.0,75.0,0.0,Navajo Stirling
http://ufcstats.com/fighter-details/69898645d600abdb,Rodolfo Bellato,75.0,75.0,Orthodox,"Feb 05, 1996",5.13,5.86,59.0,,1.44,35.0,94.0,0.2,Rodolfo Bellato
http://ufcstats.com/fighter-details/8ebc3a8da015d70c,Cam Rowston,75.0,78.0,Orthodox,"Jan 19, 1995",3.39,2.37,45.0,,0.73,50.0,28.0,0.7,Cam Rowston
http://ufcstats.com/fighter-details/5f61780fe5e9b6d0,Andre Petroski,72.0,73.0,Switch,"Jun 12, 1991",2.81,2.79,49.0,,3.15,51.0,86.0,1.3,Andre Petroski
http://ufcstats.com/fighter-details/af9f42e6894047fc,Jamie Mullarkey,72.0,74.0,Orthodox,"Aug 17, 1994",4.2,4.34,46.0,,2.4,29.0,78.0,0.1,Jamie Mullarkey
http://ufcstats.com/fighter-details/40a456a25d52ee65,Rolando Bedoya,71.0,74.0,Orthodox,"Jan 13, 1997",6.23,5.5,47.0,,0.0,0.0,75.0,0.2,Rolando Bedoya
http://ufcstats.com/fighter-details/ed7d329d7c29428d,Colby Thicknesse,67.0,69.0,Orthodox,"Jun 23, 1999",3.33,2.8,42.0,,1.0,9.0,50.0,0.5,Colby Thicknesse
http://ufcstats.com/fighter-details/723b64c0e9a8f348,Josias Musasa,68.0,74.0,Southpaw,"Oct 10, 1998",3.19,4.39,45.0,,0.9,50.0,81.0,0.5,Josias Musasa
http://ufcstats.com/fighter-details/ca80d72da81d7224,Michelle Montague,69.0,68.0,Southpaw,"Nov 25, 1993",2.73,3.2,46.0,,5.0,71.0,0.0,0.0,Michelle Montague
http://ufcstats.com/fighter-details/528b071cf3da7c56,Luana Carolina,66.0,69.0,Orthodox,"Jun 11, 1993",4.65,3.46,51.0,,0.3,37.0,68.0,0.6,Luana Carolina
http://ufcstats.com/fighter-details/d0fd0d9ee560dae7,Brando Pericic,77.0,79.0,Orthodox,"Aug 03, 1994",15.13,1.57,59.0,,0.0,0.0,100.0,0.0,Brando Pericic
http://ufcstats.com/fighter-details/87e4a3a5080ee7ce,Elisha Ellison,72.0,78.0,Orthodox,"Mar 05, 1997",1.57,15.13,33.0,,0.0,0.0,0.0,0.0,Elisha Ellison
http://ufcstats.com/fighter-details/4e30e4250cb08b61,Loma Lookboonmee,61.0,61.0,Orthodox,"Jan 18, 1996",3.67,2.52,55.0,,1.81,50.0,68.0,0.1,Loma Lookboonmee
http://ufcstats.com/fighter-details/545092d13c67aa49,Alexia Thainara,64.0,67.0,Orthodox,"Nov 20, 1995",4.52,2.46,40.0,,3.91,60.0,100.0,1.7,Alexia Thainara
http://ufcstats.com/fighter-details/f166e93d04a8c274,Diego Lopes,71.0,72.0,Orthodox,"Dec 30, 1994",4.1,4.72,48.0,,0.79,55.0,67.0,1.7,Diego Lopes
http://ufcstats.com/fighter-details/52ef95b5860fb28c,Jean Silva,67.0,69.0,Orthodox,"Dec 27, 1996",4.79,4.69,51.0,,0.5,50.0,78.0,0.8,Jean Silva
http://ufcstats.com/fighter-details/05339613bf8e9808,Rob Font,68.0,71.0,Orthodox,"Jun 25, 1987",5.36,3.7,45.0,,0.74,30.0,43.0,0.3,Rob Font
http://ufcstats.com/fighter-details/9a97acbfd5a08bfa,David Martinez,65.0,67.0,Orthodox,"Aug 03, 1998",4.85,2.95,47.0,,0.0,0.0,100.0,0.0,David Martinez
http://ufcstats.com/fighter-details/e132d47bd9efbbe0,Rafa Garcia,67.0,70.0,Orthodox,"Aug 05, 1994",4.31,4.54,45.0,,3.13,44.0,76.0,0.5,Rafa Garcia
http://ufcstats.com/fighter-details/7026eca45f65377b,Jared Gordon,69.0,68.0,Orthodox,"Sep 06, 1988",5.64,4.14,53.0,,1.78,32.0,60.0,0.0,Jared Gordon
http://ufcstats.com/fighter-details/8c0580d4fff106c1,Kelvin Gastelum,69.0,71.0,Southpaw,"Oct 24, 1991",3.67,3.53,42.0,,1.01,34.0,60.0,0.1,Kelvin Gastelum
http://ufcstats.com/fighter-details/71505842fb6455c3,Dustin Stoltzfus,72.0,75.0,Orthodox,"Nov 15, 1991",3.3,3.23,45.0,,2.08,37.0,46.0,1.1,Dustin Stoltzfus
http://ufcstats.com/fighter-details/262a7d06203657e6,Alexander Hernandez,69.0,72.0,Orthodox,"Oct 01, 1992",4.31,4.5,40.0,,1.14,36.0,73.0,0.1,Alexander Hernandez
http://ufcstats.com/fighter-details/f53d4f21d1b5f2dc,Diego Ferreira,69.0,74.0,Orthodox,"Jan 18, 1985",4.7,3.46,39.0,,0.82,30.0,57.0,0.6,Diego Ferreira
http://ufcstats.com/fighter-details/faf317c665546a36,Santiago Luna,69.0,74.0,Orthodox,"Aug 06, 2004",5.36,4.29,37.0,,0.0,0.0,100.0,0.0,Santiago Luna
http://ufcstats.com/fighter-details/32feae6d9a1e5047,Quang Le,67.0,70.0,Orthodox,"Oct 18, 1991",2.82,4.59,38.0,,2.9,33.0,100.0,0.4,Quang Le
http://ufcstats.com/fighter-details/baa9be02c3e3e038,Jose Daniel Medina,72.0,74.0,Orthodox,"May 17, 1991",2.16,5.07,36.0,,0.4,33.0,27.0,0.0,Jose Daniel Medina
http://ufcstats.com/fighter-details/866fd7b1a6c90e7f,Dusko Todorovic,73.0,74.0,Orthodox,"May 19, 1994",4.73,4.4,57.0,,1.77,21.0,42.0,0.3,Dusko Todorovic
http://ufcstats.com/fighter-details/d747eb273a40a920,Claudio Puelles,70.0,72.0,Southpaw,"Apr 21, 1996",1.54,2.62,46.0,,3.29,33.0,60.0,1.0,Claudio Puelles
http://ufcstats.com/fighter-details/ae7fe94f117f98cf,Joaquim Silva,68.0,69.0,Southpaw,"Feb 05, 1989",3.43,4.17,43.0,,0.34,50.0,70.0,0.8,Joaquim Silva
http://ufcstats.com/fighter-details/b08012bbe542592a,Tatiana Suarez,65.0,66.0,Southpaw,"Dec 19, 1990",2.95,1.58,60.0,,4.41,43.0,80.0,0.6,Tatiana Suarez
http://ufcstats.com/fighter-details/3df5493bb279226f,Amanda Lemos,64.0,65.0,Southpaw,"May 22, 1987",2.75,3.24,55.0,,1.02,62.0,64.0,0.7,Amanda Lemos
http://ufcstats.com/fighter-details/c051c2e12d692b8a,Jesus Aguilar,64.0,62.0,Orthodox,"Mar 13, 1996",2.65,1.85,40.0,,1.64,31.0,48.0,1.4,Jesus Aguilar
http://ufcstats.com/fighter-details/29162be25ebef5f0,Luis Gurule,65.0,64.0,Orthodox,"Nov 16, 1993",4.93,4.53,42.0,,0.41,9.0,56.0,0.0,Luis Gurule
http://ufcstats.com/fighter-details/3fa97913cfd205d3,Alessandro Costa,64.0,67.0,Orthodox,"Jan 28, 1996",3.64,3.57,44.0,,0.46,16.0,83.0,0.5,Alessandro Costa
http://ufcstats.com/fighter-details/5e9ca8dd7d783a75,Alden Coria,68.0,67.0,Orthodox,"Apr 24, 1998",3.89,1.11,44.0,,2.78,100.0,75.0,0.0,Alden Coria
http://ufcstats.com/fighter-details/60193e707634e560,Montse Rendon,68.0,68.0,Orthodox,"Mar 16, 1989",3.09,3.42,28.0,,2.0,37.0,100.0,0.3,Montse Rendon
http://ufcstats.com/fighter-details/81d2c551886bd5a1,Alice Pereira,68.0,71.0,Orthodox,"Dec 20, 2005",2.47,3.0,31.0,,0.0,0.0,100.0,0.0,Alice Pereira
http://ufcstats.com/fighter-details/c06d6b18862f9a53,Rodrigo Sezinando,69.0,71.0,Orthodox,"Dec 11, 1997",2.25,8.76,27.0,,3.37,25.0,66.0,0.0,Rodrigo Sezinando
http://ufcstats.com/fighter-details/70dd69b6a703257e,Daniil Donchenko,71.0,71.0,Orthodox,"Aug 04, 2001",8.76,2.25,57.0,,3.37,33.0,75.0,0.0,Daniil Donchenko
http://ufcstats.com/fighter-details/881bf86d4cba8578,Nassourdine Imavov,75.0,75.0,Orthodox,"Mar 01, 1996",4.28,3.17,54.0,,0.74,32.0,81.0,1.0,Nassourdine Imavov
http://ufcstats.com/fighter-details/4126a78111c0855a,Caio Borralho,73.0,75.0,Southpaw,"Jan 16, 1993",3.44,2.5,56.0,,1.28,48.0,76.0,0.4,Caio Borralho
http://ufcstats.com/fighter-details/9c393e836a852f30,Mauricio Ruffy,71.0,75.0,Orthodox,"Jun 17, 1996",3.84,4.16,57.0,,0.0,0.0,84.0,0.0,Mauricio Ruffy
http://ufcstats.com/fighter-details/476fe566d2df676e,Modestas Bukauskas,75.0,76.0,Switch,"Feb 10, 1994",3.32,3.93,43.0,,0.3,66.0,80.0,0.1,Modestas Bukauskas
http://ufcstats.com/fighter-details/eabf206b162b3b83,Paul Craig,75.0,76.0,Orthodox,"Nov 27, 1987",2.5,3.04,45.0,,1.43,18.0,35.0,1.3,Paul Craig
http://ufcstats.com/fighter-details/4bdedbdeedff7d1d,Bolaji Oki,70.0,73.0,Orthodox,"Nov 15, 1995",6.59,5.15,44.0,,1.01,60.0,66.0,0.0,Bolaji Oki
http://ufcstats.com/fighter-details/f6ad6a1e4d600e0d,Mason Jones,70.0,74.0,Orthodox,"Apr 26, 1995",5.71,4.47,41.0,,4.17,55.0,81.0,0.2,Mason Jones
http://ufcstats.com/fighter-details/1d2d98ddd05b38fb,Axel Sola,74.0,74.0,Southpaw,"Sep 17, 1997",3.74,2.74,42.0,,1.25,25.0,0.0,0.0,Axel Sola
http://ufcstats.com/fighter-details/f748267c4ab6c127,Rhys McKee,74.0,78.0,Orthodox,"Sep 10, 1995",4.71,7.15,40.0,,0.0,0.0,47.0,0.0,Rhys McKee
http://ufcstats.com/fighter-details/e1d40e8782d80bc2,William Gomis,72.0,73.0,Southpaw,"Jun 13, 1997",3.48,2.76,49.0,,0.86,38.0,72.0,0.3,William Gomis
http://ufcstats.com/fighter-details/92aed9d16794f42b,Robert Ruchala,68.0,72.0,Switch,"May 15, 1998",2.27,3.27,35.0,,2.0,33.0,0.0,0.0,Robert Ruchala
http://ufcstats.com/fighter-details/46e2011d92463b7e,Oumar Sy,76.0,83.0,Orthodox,"Nov 21, 1995",3.67,1.72,48.0,,2.73,36.0,100.0,0.4,Oumar Sy
http://ufcstats.com/fighter-details/49edd0d90f60fb7d,Brendson Ribeiro,75.0,81.0,Orthodox,"Sep 08, 1996",3.06,4.0,42.0,,0.9,42.0,18.0,0.6,Brendson Ribeiro
http://ufcstats.com/fighter-details/c9cf753cfdf77fc2,Marcin Tybura,75.0,78.0,Orthodox,"Nov 09, 1985",3.59,3.33,48.0,,1.38,33.0,75.0,0.1,Marcin Tybura
http://ufcstats.com/fighter-details/2dbc60c52de126d8,Harry Hardwick,68.0,71.0,Switch,"Sep 29, 1994",2.39,7.16,34.0,,0.0,0.0,0.0,0.0,Harry Hardwick
http://ufcstats.com/fighter-details/ec13c393d029297d,Kaue Fernandes,69.0,73.0,Orthodox,"Mar 17, 1995",4.28,1.42,55.0,,1.18,100.0,76.0,0.0,Kaue Fernandes
http://ufcstats.com/fighter-details/8b6e5dc2ba1edbe7,Sam Patterson,75.0,78.0,Orthodox,"Apr 30, 1996",3.89,3.93,43.0,,1.39,100.0,33.0,2.8,Sam Patterson
http://ufcstats.com/fighter-details/31dbfbe4e7a6727c,Trey Waters,77.0,77.0,Orthodox,"Feb 21, 1995",6.39,5.83,44.0,,0.4,33.0,85.0,0.8,Trey Waters
http://ufcstats.com/fighter-details/0c6d9ea8306c029e,Brad Tavares,73.0,74.0,Orthodox,"Dec 21, 1987",3.42,3.36,43.0,,0.73,26.0,81.0,0.0,Brad Tavares
http://ufcstats.com/fighter-details/f96856f9d69fd7e4,Robert Bryczek,72.0,75.0,Orthodox,"Jul 04, 1990",3.74,4.08,36.0,,0.56,100.0,85.0,0.0,Robert Bryczek
http://ufcstats.com/fighter-details/2caf993f53541fa1,Andreas Gustafsson,73.0,73.0,Orthodox,"Feb 20, 1991",5.82,3.63,71.0,,6.19,58.0,100.0,0.0,Andreas Gustafsson
http://ufcstats.com/fighter-details/8f765fd5775a8873,Rinat Fakhretdinov,72.0,74.0,Orthodox,"Sep 28, 1991",5.03,3.61,52.0,,3.91,34.0,91.0,0.2,Rinat Fakhretdinov
http://ufcstats.com/fighter-details/9c442aaf149ea982,Shauna Bannon,65.0,65.0,Switch,"Oct 23, 1993",4.32,3.75,43.0,,0.0,0.0,40.0,0.7,Shauna Bannon
http://ufcstats.com/fighter-details/e94085e821bd81de,Sam Hughes,65.0,64.0,Orthodox,"Jun 28, 1992",4.34,4.44,46.0,,1.23,35.0,60.0,0.2,Sam Hughes
http://ufcstats.com/fighter-details/c21f26bbde777573,Johnny Walker,78.0,82.0,Orthodox,"Mar 30, 1992",4.06,3.09,55.0,,0.42,60.0,57.0,0.8,Johnny Walker
http://ufcstats.com/fighter-details/8a65fd9ba31fd3f7,Zhang Mingyang,74.0,75.0,Orthodox,"Aug 16, 1998",7.71,5.33,60.0,,0.0,0.0,75.0,0.0,Zhang Mingyang
http://ufcstats.com/fighter-details/def8166ff24bd237,Brian Ortega,68.0,69.0,Switch,"Feb 21, 1991",3.84,6.38,37.0,,0.93,25.0,54.0,0.9,Brian Ortega
http://ufcstats.com/fighter-details/cb696ebfb6598724,Aljamain Sterling,67.0,71.0,Orthodox,"Jul 31, 1989",4.45,2.21,52.0,,2.45,30.0,44.0,0.6,Aljamain Sterling
http://ufcstats.com/fighter-details/f14cf73e51b29254,Sergei Pavlovich,75.0,84.0,Southpaw,"May 13, 1992",4.43,3.62,44.0,,0.48,25.0,75.0,0.0,Sergei Pavlovich
http://ufcstats.com/fighter-details/3cf18e01cb6cbde3,Sumudaerji,68.0,72.0,Southpaw,"Jan 20, 1996",4.48,2.39,52.0,,0.16,11.0,71.0,0.6,Sumudaerji
http://ufcstats.com/fighter-details/34b96d52db1d26e6,Kevin Borjas,65.0,68.0,Orthodox,"Dec 06, 1997",4.19,5.74,44.0,,0.0,0.0,71.0,0.0,Kevin Borjas
http://ufcstats.com/fighter-details/7498b3ac79a3b948,Taiyilake Nueraji,74.0,75.0,Southpaw,"Jan 12, 2001",9.82,5.01,53.0,,1.47,33.0,100.0,0.0,Taiyilake Nueraji
http://ufcstats.com/fighter-details/4729c93ba705a3bf,Kiefer Crosbie,71.0,70.0,Switch,"Apr 05, 1990",4.46,5.8,64.0,,0.0,0.0,40.0,0.0,Kiefer Crosbie
http://ufcstats.com/fighter-details/8c1ca54b5089d199,Maheshate,72.0,71.0,Orthodox,"Dec 01, 1999",3.96,5.96,31.0,,0.0,0.0,47.0,0.0,Maheshate
http://ufcstats.com/fighter-details/b2a78df161bd67f9,Gauge Young,69.0,70.0,Orthodox,"Jul 14, 2000",5.71,5.82,51.0,,1.0,30.0,71.0,0.0,Gauge Young
http://ufcstats.com/fighter-details/814e5233e2acf2ee,Charles Johnson,69.0,70.0,Switch,"Jan 10, 1991",4.73,3.78,49.0,,0.56,20.0,66.0,0.4,Charles Johnson
http://ufcstats.com/fighter-details/bb2c3c3a466224af,Lone'er Kavanagh,66.0,67.0,Orthodox,"Jun 09, 1999",4.29,3.69,49.0,,1.79,50.0,88.0,0.4,Lone'er Kavanagh
http://ufcstats.com/fighter-details/a13d755965a4ec9f,Rongzhu,69.0,71.0,Orthodox,"Mar 07, 2000",6.02,5.44,51.0,,1.35,62.0,84.0,0.1,Rongzhu
http://ufcstats.com/fighter-details/d2cd7a69cc55e7ed,Austin Hubbard,70.0,71.0,Orthodox,"Dec 22, 1991",3.97,4.1,42.0,,1.63,28.0,68.0,0.1,Austin Hubbard
http://ufcstats.com/fighter-details/595db60957de51d3,Michel Pereira,73.0,73.0,Orthodox,"Oct 06, 1993",4.49,4.35,52.0,,1.13,52.0,76.0,0.7,Michel Pereira
http://ufcstats.com/fighter-details/3f11fd1751fa83b1,Yizha,67.0,71.0,Orthodox,"Jan 08, 1997",2.97,2.81,45.0,,3.51,30.0,54.0,1.1,Yizha
http://ufcstats.com/fighter-details/7b3503352cd53abb,Westin Wilson,73.0,73.0,Southpaw,"Jan 24, 1989",1.57,6.71,31.0,,1.57,16.0,33.0,7.9,Westin Wilson
http://ufcstats.com/fighter-details/86bace9e4ad85542,Xiao Long,68.0,70.0,Orthodox,"Apr 13, 1998",5.25,4.2,46.0,,0.69,25.0,79.0,0.0,Xiao Long
http://ufcstats.com/fighter-details/a474aade8eb3a8f0,SuYoung You,66.0,65.0,Orthodox,"Dec 11, 1995",2.28,1.96,46.0,,3.8,47.0,66.0,0.4,SuYoung You
http://ufcstats.com/fighter-details/02f484417a6fa69d,Uran Satybaldiev,76.0,79.0,Orthodox,"Aug 10, 1994",2.14,3.66,25.0,,0.0,0.0,50.0,1.7,Uran Satybaldiev
http://ufcstats.com/fighter-details/709fadb644ee3f51,Diyar Nurgozhay,74.0,74.0,Southpaw,"Apr 22, 1997",3.04,2.99,50.0,,2.54,100.0,100.0,0.0,Diyar Nurgozhay
http://ufcstats.com/fighter-details/0d7b51c9d2649a6e,Dricus Du Plessis,73.0,76.0,Switch,"Jan 14, 1994",5.18,4.33,48.0,,2.22,51.0,34.0,0.7,Dricus Du Plessis
http://ufcstats.com/fighter-details/767755fd74662dbf,Khamzat Chimaev,74.0,75.0,Orthodox,"May 01, 1994",4.04,2.32,60.0,,5.29,55.0,85.0,1.8,Khamzat Chimaev
http://ufcstats.com/fighter-details/396fe87b84ac2e1c,Lerone Murphy,69.0,73.0,Orthodox,"Jul 22, 1991",4.48,2.51,53.0,,1.41,54.0,51.0,0.5,Lerone Murphy
http://ufcstats.com/fighter-details/5537efc6e496dd84,Aaron Pico,68.0,70.0,Orthodox,"Sep 23, 1996",3.88,2.39,44.0,,8.96,66.0,0.0,0.0,Aaron Pico
http://ufcstats.com/fighter-details/b997be68943010fc,Geoff Neal,71.0,75.0,Southpaw,"Aug 28, 1990",5.05,5.48,51.0,,0.54,45.0,87.0,0.1,Geoff Neal
http://ufcstats.com/fighter-details/13a0275fa13c4d26,Jared Cannonier,71.0,77.0,Switch,"Mar 16, 1984",4.42,4.35,49.0,,0.54,40.0,64.0,0.0,Jared Cannonier
http://ufcstats.com/fighter-details/a67d071163962af8,Michael Page,75.0,79.0,Switch,"Apr 07, 1987",2.39,1.68,60.0,,0.23,16.0,66.0,0.0,Michael Page
http://ufcstats.com/fighter-details/c96d9178c9ed9e62,Tim Elliott,67.0,66.0,Southpaw,"Dec 24, 1986",3.37,2.65,44.0,,3.71,47.0,59.0,1.1,Tim Elliott
http://ufcstats.com/fighter-details/d33da8a3d82bdb62,Kai Asakura,68.0,69.0,Orthodox,"Oct 31, 1993",2.27,3.53,32.0,,0.0,0.0,50.0,0.0,Kai Asakura
http://ufcstats.com/fighter-details/64b12fe31be7560c,Eric Nolan,74.0,74.0,Orthodox,"Sep 13, 1997",3.14,5.13,39.0,,0.0,0.0,71.0,0.0,Eric Nolan
http://ufcstats.com/fighter-details/0d65c432720accb9,Michal Oleksiejczuk,72.0,74.0,Southpaw,"Feb 22, 1995",5.34,4.41,51.0,,1.02,43.0,52.0,0.0,Michal Oleksiejczuk
http://ufcstats.com/fighter-details/6a1901c62ab3870f,Jessica Andrade,61.0,62.0,Orthodox,"Sep 25, 1991",6.37,5.58,48.0,,2.1,54.0,75.0,0.3,Jessica Andrade
http://ufcstats.com/fighter-details/8e5d953bdb9ae5e7,Loopy Godinez,62.0,61.0,Orthodox,"Sep 06, 1993",4.51,4.03,49.0,,2.96,41.0,81.0,0.9,Loopy Godinez
http://ufcstats.com/fighter-details/971246648e162f0d,Chase Hooper,73.0,74.0,Southpaw,"Sep 13, 1999",4.51,2.98,49.0,,2.49,33.0,55.0,2.1,Chase Hooper
http://ufcstats.com/fighter-details/7cbf7c78d3b34218,Drakkar Klose,69.0,70.0,Orthodox,"Mar 09, 1988",4.25,3.65,55.0,,1.49,26.0,69.0,0.0,Drakkar Klose
http://ufcstats.com/fighter-details/27b388f0aab49780,Dione Barbosa,66.0,66.0,Orthodox,"May 08, 1992",2.27,2.45,45.0,,2.23,42.0,50.0,1.9,Dione Barbosa
http://ufcstats.com/fighter-details/30cad5a751adcb48,Alibi Idiris,66.0,68.0,Orthodox,"Oct 22, 1994",3.47,3.6,50.0,,0.0,0.0,60.0,0.0,Alibi Idiris
http://ufcstats.com/fighter-details/327d5f279895110d,Roman Dolidze,74.0,76.0,Orthodox,"Jul 15, 1988",3.41,3.72,41.0,,0.99,39.0,26.0,0.8,Roman Dolidze
http://ufcstats.com/fighter-details/093e1f5bb73850be,Anthony Hernandez,72.0,75.0,Orthodox,"Oct 18, 1993",4.59,2.53,62.0,,6.46,48.0,68.0,1.8,Anthony Hernandez
http://ufcstats.com/fighter-details/32ab52e5de93092d,Steve Erceg,68.0,68.0,Orthodox,"Jul 27, 1995",4.0,3.79,45.0,,1.15,27.0,62.0,0.4,Steve Erceg
http://ufcstats.com/fighter-details/6d68c1afe954f121,Ode Osbourne,67.0,73.0,Southpaw,"Jan 09, 1992",3.07,3.43,41.0,,1.09,30.0,66.0,0.5,Ode Osbourne
http://ufcstats.com/fighter-details/abcf2cc6efc42031,Iasmin Lucindo,63.0,66.0,Orthodox,"Jan 08, 2002",3.22,2.8,45.0,,2.28,55.0,68.0,0.1,Iasmin Lucindo
http://ufcstats.com/fighter-details/8fd808923cffff82,Andre Fili,71.0,74.0,Orthodox,"Jun 25, 1990",3.87,4.23,37.0,,2.22,45.0,71.0,0.2,Andre Fili
http://ufcstats.com/fighter-details/5ec591b78349ba7e,Christian Rodriguez,67.0,71.0,Orthodox,"Dec 17, 1997",3.85,2.85,50.0,,1.75,40.0,67.0,1.1,Christian Rodriguez
http://ufcstats.com/fighter-details/ffd3224638c01b57,Jean Matsumoto,66.0,68.0,Orthodox,"Sep 09, 1999",5.43,5.43,41.0,,2.14,41.0,53.0,0.6,Jean Matsumoto
http://ufcstats.com/fighter-details/cad24459b28592ca,Eryk Anders,73.0,75.0,Southpaw,"Apr 21, 1987",3.51,4.09,48.0,,1.75,24.0,80.0,0.1,Eryk Anders
http://ufcstats.com/fighter-details/6add18754930182b,Julius Walker,76.0,78.0,Orthodox,"Jul 16, 1999",4.33,3.53,55.0,,3.5,36.0,100.0,0.0,Julius Walker
http://ufcstats.com/fighter-details/7478b7f959ba61f5,Elijah Smith,69.0,71.0,Orthodox,"Sep 05, 2002",4.45,3.4,47.0,,3.51,53.0,57.0,0.9,Elijah Smith
http://ufcstats.com/fighter-details/148bb103cfbf123e,Toshiomi Kazama,67.0,69.0,Orthodox,"May 15, 1997",1.49,4.56,53.0,,1.94,16.0,66.0,1.0,Toshiomi Kazama
http://ufcstats.com/fighter-details/f9ab66e67240db7b,Joselyne Edwards,68.0,70.0,Orthodox,"Sep 29, 1995",4.73,3.28,53.0,,1.29,38.0,61.0,0.5,Joselyne Edwards
http://ufcstats.com/fighter-details/b1e5bcaad32a3cac,Priscila Cachoeira,67.0,65.0,Orthodox,"Aug 19, 1988",4.11,7.23,44.0,,0.15,33.0,67.0,0.0,Priscila Cachoeira
http://ufcstats.com/fighter-details/b12fb759e02378de,Gilbert Urbina,75.0,75.0,Orthodox,"Apr 05, 1996",5.57,4.62,56.0,,2.86,44.0,0.0,0.7,Gilbert Urbina
http://ufcstats.com/fighter-details/a6eb54ae17a551be,Gabriella Fernandes,66.0,66.0,Southpaw,"Aug 13, 1993",3.56,5.19,48.0,,0.44,18.0,68.0,0.2,Gabriella Fernandes
http://ufcstats.com/fighter-details/a78a87d8c2bbb1cb,Julija Stoliarenko,67.0,66.0,Orthodox,"Apr 08, 1993",2.74,4.45,38.0,,0.78,20.0,54.0,1.4,Julija Stoliarenko
http://ufcstats.com/fighter-details/f14f644d41ade29f,Cody Brundage,72.0,72.0,Orthodox,"May 16, 1994",2.2,2.72,51.0,,2.05,46.0,68.0,0.6,Cody Brundage
http://ufcstats.com/fighter-details/48a9a128784d53d1,Elves Brener,70.0,72.0,Orthodox,"Sep 27, 1997",4.76,5.86,47.0,,0.99,16.0,76.0,0.0,Elves Brener
http://ufcstats.com/fighter-details/323d4ca260dfa0ba,Esteban Ribovics,70.0,69.0,Orthodox,"Apr 27, 1996",8.09,6.3,43.0,,0.39,66.0,70.0,0.2,Esteban Ribovics
http://ufcstats.com/fighter-details/351c4ec637380ad5,Karol Rosa,65.0,67.0,Orthodox,"Dec 30, 1994",5.88,4.59,56.0,,1.17,48.0,70.0,0.2,Karol Rosa
http://ufcstats.com/fighter-details/f2b3f4ef3f780168,Nora Cornolle,67.0,67.0,Orthodox,"Dec 06, 1989",2.75,1.98,54.0,,0.25,11.0,47.0,0.2,Nora Cornolle
http://ufcstats.com/fighter-details/8adcbd525fab8d9b,Elizeu Zaleski dos Santos,71.0,73.0,Orthodox,"Dec 11, 1986",4.16,3.56,41.0,,0.79,20.0,67.0,0.4,Elizeu Zaleski dos Santos
http://ufcstats.com/fighter-details/d964a59c48381cb6,Danny Silva,71.0,70.0,Switch,"Jan 30, 1997",6.67,7.47,55.0,,2.0,33.0,81.0,0.2,Danny Silva
http://ufcstats.com/fighter-details/239d8e5359022f3b,Kevin Vallejos,67.0,68.0,Switch,"Dec 08, 2001",6.28,5.23,45.0,,0.84,33.0,83.0,0.0,Kevin Vallejos
http://ufcstats.com/fighter-details/d8c811df0386d5e8,Rinya Nakamura,67.0,68.0,Southpaw,"Mar 23, 1995",3.27,1.72,52.0,,2.58,81.0,100.0,1.4,Rinya Nakamura
http://ufcstats.com/fighter-details/a2d342ffc83913ed,Nathan Fletcher,67.0,70.0,Orthodox,"Jan 03, 1998",3.41,2.16,59.0,,3.37,38.0,50.0,0.7,Nathan Fletcher
http://ufcstats.com/fighter-details/147e70aa6cc48cfc,Tresean Gore,72.0,75.0,Switch,"Jun 21, 1994",2.76,7.48,42.0,,1.83,75.0,88.0,0.9,Tresean Gore
http://ufcstats.com/fighter-details/7eaa5e31c2dd86aa,Nick Klein,73.0,77.0,Orthodox,"Sep 08, 1995",2.51,3.41,56.0,,5.79,35.0,66.0,1.9,Nick Klein
http://ufcstats.com/fighter-details/22e07d3da1aa3475,Andrey Pulyaev,76.0,78.0,Southpaw,"Sep 10, 1997",3.81,3.51,60.0,,0.41,16.0,64.0,0.0,Andrey Pulyaev
http://ufcstats.com/fighter-details/d3f89fa685bd8420,Austin Bashi,66.0,70.0,Orthodox,"Sep 29, 2001",1.75,2.34,47.0,,7.81,41.0,62.0,1.7,Austin Bashi
http://ufcstats.com/fighter-details/450bcab0968562c4,John Yannis,67.0,70.0,Southpaw,"Jul 07, 1994",0.0,0.55,0.0,,0.0,0.0,0.0,0.0,John Yannis
http://ufcstats.com/fighter-details/83455a9d17f57dae,Rafael Estevam,68.0,69.0,Orthodox,"Aug 10, 1996",2.1,2.59,54.0,,6.01,38.0,66.0,0.3,Rafael Estevam
http://ufcstats.com/fighter-details/53c10176e3bc7416,Felipe Bunes,67.0,69.0,Orthodox,"Oct 29, 1989",2.93,4.66,50.0,,1.13,22.0,40.0,2.3,Felipe Bunes
http://ufcstats.com/fighter-details/e375cb5caf4717b6,Piera Rodriguez,63.0,63.0,Orthodox,"Nov 11, 1992",3.54,2.81,47.0,,4.53,54.0,73.0,0.0,Piera Rodriguez
http://ufcstats.com/fighter-details/8bd4200561c77a62,Ketlen Souza,63.0,63.0,Orthodox,"Aug 18, 1994",4.56,4.4,57.0,,0.3,14.0,50.0,0.3,Ketlen Souza
http://ufcstats.com/fighter-details/e1147d3d2dabe1ce,Robert Whittaker,72.0,73.0,Orthodox,"Dec 20, 1990",4.39,3.36,43.0,,0.73,38.0,82.0,0.0,Robert Whittaker
http://ufcstats.com/fighter-details/c0ac37a4a1133da9,Marcus McGhee,68.0,69.0,Orthodox,"May 07, 1990",5.5,3.64,45.0,,0.31,14.0,90.0,0.3,Marcus McGhee
http://ufcstats.com/fighter-details/06734ca9d88dec3a,Shara Magomedov,74.0,73.0,Orthodox,"May 16, 1994",5.93,3.85,62.0,,0.0,0.0,71.0,0.0,Shara Magomedov
http://ufcstats.com/fighter-details/8e9eb3fc86db0f7d,Marc-Andre Barriault,73.0,74.0,Orthodox,"Feb 18, 1990",5.7,5.63,47.0,,0.37,28.0,68.0,0.1,Marc-Andre Barriault
http://ufcstats.com/fighter-details/88be62d6c1e6dadb,Jose Ochoa,67.0,67.0,Southpaw,"Dec 31, 2000",3.01,2.33,37.0,,0.43,50.0,59.0,1.3,Jose Ochoa
http://ufcstats.com/fighter-details/1091d4d957141094,Nikita Krylov,75.0,77.0,Orthodox,"Mar 07, 1992",4.31,2.58,54.0,,2.17,38.0,53.0,1.4,Nikita Krylov
http://ufcstats.com/fighter-details/d9c6f19f958643e9,Bryce Mitchell,70.0,70.0,Southpaw,"Oct 04, 1994",2.27,1.6,59.0,,3.24,36.0,33.0,1.2,Bryce Mitchell
http://ufcstats.com/fighter-details/0fd5f4b838e890cc,Said Nurmagomedov,68.0,70.0,Orthodox,"Apr 05, 1992",3.08,2.05,48.0,,0.86,15.0,63.0,1.1,Said Nurmagomedov
http://ufcstats.com/fighter-details/28d421729451c8ca,Carlos Leal,71.0,74.0,Orthodox,"May 04, 1994",9.57,7.61,50.0,,0.75,25.0,90.0,0.0,Carlos Leal
http://ufcstats.com/fighter-details/da22387a0407a2dc,Da'Mon Blackshear,70.0,72.0,Switch,"Aug 12, 1994",4.33,4.19,45.0,,1.48,33.0,71.0,1.5,Da'Mon Blackshear
http://ufcstats.com/fighter-details/beecb672a279223e,Amanda Ribas,64.0,66.0,Orthodox,"Aug 26, 1993",4.26,3.29,39.0,,2.05,52.0,82.0,0.6,Amanda Ribas
http://ufcstats.com/fighter-details/d25240135aee03e5,Tabatha Ricci,61.0,61.0,Orthodox,"Feb 21, 1995",4.18,5.19,36.0,,2.69,37.0,78.0,0.1,Tabatha Ricci
http://ufcstats.com/fighter-details/3753714927f18437,Mohammad Yahya,69.0,73.0,Switch,"May 23, 1994",3.5,6.39,39.0,,0.5,20.0,42.0,0.5,Mohammad Yahya
http://ufcstats.com/fighter-details/69037fc7730e4225,Steven Nguyen,71.0,73.0,Switch,"May 19, 1993",7.47,7.1,42.0,,0.24,100.0,88.0,0.0,Steven Nguyen
http://ufcstats.com/fighter-details/8eb046f83e82bf26,Martin Buday,76.0,77.0,Orthodox,"Nov 11, 1991",4.39,4.49,53.0,,0.15,20.0,93.0,0.1,Martin Buday
http://ufcstats.com/fighter-details/095854a135e6db55,Marcus Buchecha,74.0,77.0,Orthodox,"Jan 08, 1990",1.6,2.73,40.0,,1.0,9.0,0.0,0.0,Marcus Buchecha
http://ufcstats.com/fighter-details/150ff4cc642270b9,Max Holloway,71.0,69.0,Orthodox,"Dec 04, 1991",7.2,4.74,48.0,,0.24,53.0,83.0,0.3,Max Holloway
http://ufcstats.com/fighter-details/029eaff01e6bb8f0,Dustin Poirier,69.0,72.0,Southpaw,"Jan 19, 1989",5.24,4.57,50.0,,1.15,35.0,64.0,1.2,Dustin Poirier
http://ufcstats.com/fighter-details/2e5c2aa8e4ab9d82,Paulo Costa,73.0,72.0,Orthodox,"Apr 21, 1991",6.26,6.2,58.0,,0.32,50.0,80.0,0.0,Paulo Costa
http://ufcstats.com/fighter-details/8a1f3b5c526cd6e6,Daniel Rodriguez,73.0,74.0,Southpaw,"Dec 31, 1986",7.2,5.4,49.0,,0.51,50.0,64.0,0.1,Daniel Rodriguez
http://ufcstats.com/fighter-details/82a5152216251682,Dan Ige,67.0,71.0,Orthodox,"Aug 06, 1991",3.64,3.56,45.0,,0.89,25.0,56.0,0.2,Dan Ige
http://ufcstats.com/fighter-details/98a58c26c5b1ed17,Patricio Freire,66.0,67.0,Orthodox,"Jul 07, 1987",2.68,4.23,43.0,,1.49,33.0,88.0,0.6,Patricio Freire
http://ufcstats.com/fighter-details/511e82663651438d,Michael Johnson,70.0,73.0,Southpaw,"Jun 04, 1986",4.28,3.79,39.0,,0.58,38.0,81.0,0.0,Michael Johnson
http://ufcstats.com/fighter-details/4148802ae4a50768,Daniel Zellhuber,73.0,77.0,Switch,"Jul 07, 1999",5.83,5.91,39.0,,0.15,25.0,94.0,0.1,Daniel Zellhuber
http://ufcstats.com/fighter-details/60425d07ef4b91a7,Kyler Phillips,68.0,72.0,Orthodox,"Jun 12, 1995",5.04,3.83,42.0,,2.31,45.0,75.0,0.4,Kyler Phillips
http://ufcstats.com/fighter-details/18d01f7f8338ae72,Vinicius Oliveira,69.0,70.0,Switch,"Nov 30, 1995",5.28,2.89,43.0,,1.67,50.0,80.0,0.2,Vinicius Oliveira
http://ufcstats.com/fighter-details/3920d0cc288f9b0d,Francisco Prado,70.0,69.0,Orthodox,"Jun 16, 2002",4.09,4.95,43.0,,0.94,19.0,50.0,0.5,Francisco Prado
http://ufcstats.com/fighter-details/0cd0456d6029cec2,Robert Valentin,74.0,77.0,Orthodox,"Mar 31, 1995",1.13,2.83,56.0,,0.0,0.0,55.0,1.3,Robert Valentin
http://ufcstats.com/fighter-details/a01a62132460a98d,Adam Fugitt,73.0,77.0,Southpaw,"Jan 12, 1989",4.59,4.54,46.0,,1.83,25.0,50.0,0.0,Adam Fugitt
http://ufcstats.com/fighter-details/e803242fb2e41112,Islam Dulatov,75.0,75.0,Orthodox,"Aug 02, 1998",8.78,4.24,54.0,,2.2,100.0,100.0,0.0,Islam Dulatov
http://ufcstats.com/fighter-details/6370c1c1e12723d5,Marcin Prachnio,75.0,73.0,Orthodox,"Jul 14, 1988",5.52,3.15,54.0,,0.14,20.0,53.0,0.0,Marcin Prachnio
http://ufcstats.com/fighter-details/a67f5afa8d6a1b80,Ryan Spann,77.0,79.0,Orthodox,"Aug 24, 1991",3.19,4.14,39.0,,1.3,34.0,52.0,1.8,Ryan Spann
http://ufcstats.com/fighter-details/0c25d0a5e8cdbf19,Lukasz Brzeski,75.0,78.0,Orthodox,"May 17, 1992",4.9,3.65,50.0,,0.41,33.0,35.0,0.4,Lukasz Brzeski
http://ufcstats.com/fighter-details/f1ab6f37492c630a,Carli Judice,67.0,68.0,Southpaw,"Mar 02, 1999",10.73,8.08,52.0,,0.7,25.0,77.0,0.0,Carli Judice
http://ufcstats.com/fighter-details/fc0a4053eb8a3a59,Nicolle Caliari,63.0,62.0,Orthodox,"Nov 04, 1996",3.46,7.01,38.0,,2.88,24.0,0.0,1.0,Nicolle Caliari
http://ufcstats.com/fighter-details/d3df1add9d9a7efb,Derrick Lewis,75.0,79.0,Orthodox,"Feb 07, 1985",2.51,2.49,50.0,,0.56,26.0,52.0,0.0,Derrick Lewis
http://ufcstats.com/fighter-details/17923f676f100e16,Tallison Teixeira,79.0,83.0,Orthodox,"Dec 07, 1999",12.83,8.98,59.0,,0.0,0.0,0.0,0.0,Tallison Teixeira
http://ufcstats.com/fighter-details/4a28cb716c19157a,Stephen Thompson,72.0,75.0,Orthodox,"Feb 11, 1983",4.05,3.0,46.0,,0.23,35.0,63.0,0.0,Stephen Thompson
http://ufcstats.com/fighter-details/751de04455cfaac0,Calvin Kattar,71.0,72.0,Orthodox,"Mar 26, 1988",4.41,6.55,37.0,,0.34,29.0,77.0,0.1,Calvin Kattar
http://ufcstats.com/fighter-details/583ee11abddfc581,Nate Landwehr,69.0,72.0,Orthodox,"Jun 06, 1988",5.63,5.83,45.0,,0.76,41.0,71.0,0.8,Nate Landwehr
http://ufcstats.com/fighter-details/5b03b61f9d90125e,Morgan Charriere,68.0,69.0,Orthodox,"Oct 26, 1995",4.08,4.54,50.0,,2.11,46.0,83.0,0.3,Morgan Charriere
http://ufcstats.com/fighter-details/be9bdec19b7e9ffe,Austen Lane,78.0,80.0,Orthodox,"Nov 09, 1987",2.74,2.23,50.0,,1.52,28.0,33.0,0.0,Austen Lane
http://ufcstats.com/fighter-details/c15fa95b9a12fde4,Junior Tafa,75.0,75.0,Orthodox,"Sep 21, 1996",3.19,2.49,51.0,,0.0,0.0,69.0,0.0,Junior Tafa
http://ufcstats.com/fighter-details/3e8118c1ab52f211,Tuco Tokkos,76.0,76.0,Orthodox,"Jun 30, 1990",2.12,4.27,40.0,,4.21,47.0,33.0,0.5,Tuco Tokkos
http://ufcstats.com/fighter-details/b0d6a1d8ac3d563d,Max Griffin,71.0,76.0,Orthodox,"Nov 29, 1985",3.76,3.7,47.0,,1.28,40.0,70.0,0.3,Max Griffin
http://ufcstats.com/fighter-details/5442f1bc4b47eaf3,Chris Curtis,70.0,75.0,Orthodox,"Jul 15, 1987",5.98,6.19,50.0,,0.0,0.0,82.0,0.0,Chris Curtis
http://ufcstats.com/fighter-details/c68c68efaa5ca6ef,Chidi Njokuani,75.0,80.0,Orthodox,"Dec 31, 1988",4.72,2.64,62.0,,0.0,0.0,73.0,0.2,Chidi Njokuani
http://ufcstats.com/fighter-details/729d4bd5a6cd0a97,Lauren Murphy,65.0,67.0,Orthodox,"Jul 27, 1983",3.94,5.19,38.0,,1.09,24.0,67.0,0.2,Lauren Murphy
http://ufcstats.com/fighter-details/de594b35c45c2e9a,Eduarda Moura,66.0,67.0,Orthodox,"Feb 28, 1994",3.04,2.47,37.0,,3.73,37.0,80.0,0.3,Eduarda Moura
http://ufcstats.com/fighter-details/8667caa0451d245b,Kennedy Nzechukwu,77.0,83.0,Southpaw,"Jun 13, 1992",5.33,4.89,46.0,,0.55,45.0,80.0,0.2,Kennedy Nzechukwu
http://ufcstats.com/fighter-details/e99eb0ef25885de5,Mitch Ramirez,71.0,71.0,Orthodox,"Nov 03, 1992",3.51,3.98,44.0,,0.59,33.0,25.0,0.0,Mitch Ramirez
http://ufcstats.com/fighter-details/fb3e61720be4690c,Mike Davis,72.0,72.0,Orthodox,"Oct 07, 1992",4.73,5.23,53.0,,2.4,44.0,60.0,0.8,Mike Davis
http://ufcstats.com/fighter-details/3f4c3bc822bea45d,Melissa Martinez,62.0,66.0,Southpaw,"Aug 18, 1997",3.78,5.21,47.0,,0.35,50.0,50.0,0.0,Melissa Martinez
http://ufcstats.com/fighter-details/54f64b5e283b0ce7,Ilia Topuria,67.0,69.0,Orthodox,"Jan 21, 1997",4.81,3.83,48.0,,1.96,61.0,93.0,1.1,Ilia Topuria
http://ufcstats.com/fighter-details/853eb0dd5c0e2149,Kai Kara-France,64.0,69.0,Orthodox,"Mar 26, 1993",4.46,3.24,40.0,,0.56,30.0,83.0,0.0,Kai Kara-France
http://ufcstats.com/fighter-details/6e15f63b6c2e2c15,Brandon Royval,69.0,68.0,Southpaw,"Aug 16, 1992",5.55,4.23,41.0,,0.67,75.0,45.0,1.1,Brandon Royval
http://ufcstats.com/fighter-details/b6452706b373eea1,Renato Moicano,71.0,72.0,Orthodox,"May 21, 1989",4.17,3.57,48.0,,1.67,41.0,62.0,0.5,Renato Moicano
http://ufcstats.com/fighter-details/9256f591b30c073e,Felipe Lima,66.0,68.0,Orthodox,"May 07, 1998",2.86,2.91,45.0,,2.18,27.0,85.0,0.7,Felipe Lima
http://ufcstats.com/fighter-details/36541f1e6c5d4955,Viviane Araujo,64.0,68.0,Orthodox,"Nov 21, 1986",3.84,4.83,47.0,,1.72,43.0,75.0,0.6,Viviane Araujo
http://ufcstats.com/fighter-details/d8da10db80131bec,Niko Price,72.0,76.0,Orthodox,"Sep 29, 1989",5.13,5.55,43.0,,0.98,28.0,50.0,0.6,Niko Price
http://ufcstats.com/fighter-details/85497ffd934ecf7e,Jacobe Smith,70.0,72.0,Southpaw,"Jan 17, 1996",6.21,2.86,66.0,,7.42,90.0,100.0,0.8,Jacobe Smith
http://ufcstats.com/fighter-details/ab2a4b5e04dc5fe9,Alvin Hines,74.0,74.0,Orthodox,"Oct 20, 1991",5.47,7.47,31.0,,1.0,10.0,0.0,0.0,Alvin Hines
http://ufcstats.com/fighter-details/5444c5a201d3ee5a,Jamahal Hill,76.0,79.0,Southpaw,"May 19, 1991",6.19,4.03,51.0,,0.0,0.0,73.0,0.0,Jamahal Hill
http://ufcstats.com/fighter-details/c814b4c899793af6,Rafael Fiziev,68.0,71.0,Switch,"Mar 05, 1993",4.77,4.77,52.0,,0.89,72.0,90.0,0.0,Rafael Fiziev
http://ufcstats.com/fighter-details/e4a47b07044ddd72,Ignacio Bahamondes,75.0,75.0,Orthodox,"Aug 27, 1997",6.55,4.33,45.0,,0.0,0.0,75.0,0.4,Ignacio Bahamondes
http://ufcstats.com/fighter-details/fa6796c55d6c5440,Curtis Blaydes,76.0,80.0,Orthodox,"Feb 18, 1991",3.56,2.0,50.0,,5.38,48.0,31.0,0.0,Curtis Blaydes
http://ufcstats.com/fighter-details/739fd4fbb5d862f4,Rizvan Kuniev,76.0,76.0,Orthodox,"Mar 10, 1992",4.45,2.45,58.0,,1.45,75.0,90.0,0.0,Rizvan Kuniev
http://ufcstats.com/fighter-details/ae81a3ac7b260411,Tofiq Musayev,69.0,69.0,Orthodox,"Dec 15, 1989",0.44,0.44,33.0,,0.0,0.0,40.0,0.0,Tofiq Musayev
http://ufcstats.com/fighter-details/37f560436d745c18,Nikolas Motta,69.0,70.0,Orthodox,"Feb 08, 1993",4.13,5.28,38.0,,0.0,0.0,83.0,0.0,Nikolas Motta
http://ufcstats.com/fighter-details/6b56e94a59b7b134,Oban Elliott,72.0,72.0,Orthodox,"Dec 19, 1997",3.5,2.24,48.0,,1.7,44.0,55.0,0.0,Oban Elliott
http://ufcstats.com/fighter-details/07047eb7d17fb0a2,Daria Zhelezniakova,69.0,68.0,Orthodox,"Jan 23, 1996",4.75,2.83,41.0,,0.44,100.0,50.0,0.0,Daria Zhelezniakova
http://ufcstats.com/fighter-details/bd532e9a2b93870c,Melissa Mullins,67.0,68.0,Orthodox,"Jul 23, 1991",3.71,4.39,50.0,,2.03,42.0,85.0,0.0,Melissa Mullins
http://ufcstats.com/fighter-details/9f5e3c20ce40b344,Klaudia Sygula,68.0,69.0,Orthodox,"Dec 30, 1998",5.3,4.73,53.0,,0.7,20.0,33.0,0.0,Klaudia Sygula
http://ufcstats.com/fighter-details/da7f113b5ea39c43,Mohammed Usman,74.0,79.0,Orthodox,"Apr 01, 1989",3.85,4.27,39.0,,0.56,14.0,66.0,0.0,Mohammed Usman
http://ufcstats.com/fighter-details/f1b2aa7853d1ed6e,Kamaru Usman,72.0,76.0,Switch,"May 11, 1987",4.16,2.67,51.0,,2.79,44.0,89.0,0.1,Kamaru Usman
http://ufcstats.com/fighter-details/b9437600497350f3,Joaquin Buckley,70.0,76.0,Southpaw,"Apr 27, 1994",3.88,2.93,36.0,,1.54,45.0,72.0,0.1,Joaquin Buckley
http://ufcstats.com/fighter-details/47b63240018d5d86,Rose Namajunas,65.0,65.0,Orthodox,"Jun 29, 1992",3.6,3.38,41.0,,1.49,50.0,62.0,0.4,Rose Namajunas
http://ufcstats.com/fighter-details/f29a6350c69f4a33,Miranda Maverick,63.0,65.0,Southpaw,"Jul 01, 1997",3.22,2.25,44.0,,2.16,40.0,45.0,0.4,Miranda Maverick
http://ufcstats.com/fighter-details/d8c7c61b176e3994,Cody Garbrandt,68.0,65.0,Orthodox,"Jul 07, 1991",2.88,3.64,39.0,,0.93,27.0,83.0,0.0,Cody Garbrandt
http://ufcstats.com/fighter-details/c58f51dedb310998,Michael Chiesa,73.0,75.0,Southpaw,"Dec 07, 1987",2.03,1.73,40.0,,3.05,47.0,67.0,1.0,Michael Chiesa
http://ufcstats.com/fighter-details/523fa774700d7d3f,Court McGee,71.0,75.0,Orthodox,"Dec 12, 1984",4.5,3.65,36.0,,1.78,24.0,70.0,0.5,Court McGee
http://ufcstats.com/fighter-details/9c27f3217891f3f0,Kris Moutinho,67.0,68.0,Southpaw,"Aug 09, 1992",4.51,14.68,31.0,,0.0,0.0,0.0,0.0,Kris Moutinho
http://ufcstats.com/fighter-details/5c84f673b7bb7c15,Cameron Smotherman,69.0,69.0,Orthodox,"Sep 17, 1997",4.07,3.52,37.0,,0.0,0.0,62.0,0.0,Cameron Smotherman
http://ufcstats.com/fighter-details/1497e735d9f2560a,Ange Loosa,70.0,74.0,Orthodox,"Mar 18, 1993",5.46,6.59,46.0,,2.53,39.0,83.0,0.2,Ange Loosa
http://ufcstats.com/fighter-details/5c637af9472ae7cc,Jamey-Lyn Horth,67.0,66.0,Orthodox,"Mar 30, 1990",3.52,2.55,54.0,,1.2,42.0,76.0,0.2,Jamey-Lyn Horth
http://ufcstats.com/fighter-details/2c483cf443f38ece,Vanessa Demopoulos,62.0,59.0,Orthodox,"Sep 22, 1988",3.37,5.39,39.0,,0.32,9.0,26.0,0.4,Vanessa Demopoulos
http://ufcstats.com/fighter-details/b50a426a33da0012,Sean O'Malley,71.0,72.0,Switch,"Oct 24, 1994",6.3,3.48,61.0,,0.27,42.0,61.0,0.3,Sean O'Malley
http://ufcstats.com/fighter-details/3253b16d38ae087d,Julianna Pena,66.0,69.0,Orthodox,"Aug 19, 1989",3.1,2.56,44.0,,1.7,54.0,24.0,0.8,Julianna Pena
http://ufcstats.com/fighter-details/1af1170ed937cba7,Kayla Harrison,68.0,66.0,Southpaw,"Jul 02, 1990",4.29,1.1,62.0,,2.84,37.0,100.0,0.9,Kayla Harrison
http://ufcstats.com/fighter-details/e2f6b2769aaedd6c,Serghei Spivac,75.0,78.0,Orthodox,"Jan 24, 1995",3.45,4.25,48.0,,4.21,62.0,63.0,0.5,Serghei Spivac
http://ufcstats.com/fighter-details/2558ae2e5671e318,Khaos Williams,72.0,77.0,Orthodox,"Mar 30, 1994",4.94,5.39,39.0,,0.0,0.0,51.0,0.0,Khaos Williams
http://ufcstats.com/fighter-details/6551c64fbcd1a467,Ariane da Silva,66.0,67.0,Orthodox,"Jan 26, 1994",4.05,4.4,41.0,,0.47,38.0,68.0,0.3,Ariane da Silva
http://ufcstats.com/fighter-details/2997e7fe3c9d3d4a,Wang Cong,66.0,66.0,Southpaw,"May 15, 1992",7.48,2.68,57.0,,1.05,75.0,100.0,0.7,Wang Cong
http://ufcstats.com/fighter-details/57186c150c645200,Jeka Saragih,68.0,69.0,Orthodox,"Jan 01, 1995",2.75,2.82,50.0,,2.17,80.0,66.0,0.5,Jeka Saragih
http://ufcstats.com/fighter-details/c739c2995a275314,Yanal Ashmouz,69.0,69.0,Orthodox,"Mar 31, 1995",2.88,4.78,50.0,,3.24,38.0,64.0,0.0,Yanal Ashmouz
http://ufcstats.com/fighter-details/e2be0c1a9b886d92,MarQuel Mederos,70.0,69.0,Orthodox,"Nov 30, 1996",4.84,2.99,56.0,,0.0,0.0,83.0,0.0,MarQuel Mederos
http://ufcstats.com/fighter-details/001eb2ab0f30e7ea,Mark Choinski,68.0,69.0,Orthodox,"Oct 22, 1995",3.87,7.33,50.0,,2.0,18.0,0.0,0.0,Mark Choinski
http://ufcstats.com/fighter-details/fa07345cc9db5cc9,Billy Ray Goff,70.0,72.0,Switch,"Jun 18, 1998",7.51,5.02,46.0,,1.75,16.0,66.0,0.0,Billy Ray Goff
http://ufcstats.com/fighter-details/e4277e87a789d687,Dustin Jacoby,75.0,76.0,Orthodox,"Apr 04, 1988",5.37,4.02,47.0,,0.33,25.0,62.0,0.0,Dustin Jacoby
http://ufcstats.com/fighter-details/0abcf6bc47191219,Bruno Lopes,74.0,74.0,Orthodox,"Apr 24, 1993",2.81,3.38,43.0,,2.51,33.0,100.0,0.0,Bruno Lopes
http://ufcstats.com/fighter-details/a7151778b3381036,Kurt Holobaugh,71.0,70.0,Orthodox,"Sep 08, 1986",4.58,4.24,44.0,,0.65,33.0,38.0,0.8,Kurt Holobaugh
http://ufcstats.com/fighter-details/ac026518a9b4dc0f,Jordan Leavitt,69.0,71.0,Southpaw,"Jun 02, 1995",2.49,1.79,61.0,,2.92,30.0,30.0,1.3,Jordan Leavitt
http://ufcstats.com/fighter-details/02bb48869eb7ac8f,Rayanne dos Santos,62.0,62.0,Orthodox,"Jun 08, 1995",4.57,6.47,40.0,,0.5,14.0,80.0,0.0,Rayanne dos Santos
http://ufcstats.com/fighter-details/23024fdfc966410a,Gilbert Burns,70.0,71.0,Orthodox,"Jul 20, 1986",3.15,3.64,48.0,,2.12,37.0,53.0,0.5,Gilbert Burns
http://ufcstats.com/fighter-details/94426bb170c88115,Sodiq Yusuff,69.0,71.0,Orthodox,"May 19, 1993",5.27,4.29,49.0,,0.36,23.0,62.0,0.4,Sodiq Yusuff
http://ufcstats.com/fighter-details/49d2a08964c5eb11,Nursulton Ruziboev,77.0,76.0,Orthodox,"Nov 19, 1993",2.59,2.89,46.0,,0.75,66.0,33.0,0.0,Nursulton Ruziboev
http://ufcstats.com/fighter-details/902ec2cc48c8ae8a,Julian Erosa,73.0,74.0,Southpaw,"Jul 31, 1989",6.21,6.27,48.0,,1.78,43.0,61.0,0.7,Julian Erosa
http://ufcstats.com/fighter-details/20bccc9bb4ceb23e,Melquizael Costa,70.0,71.0,Southpaw,"Sep 14, 1996",4.44,3.09,49.0,,1.96,38.0,58.0,1.2,Melquizael Costa
http://ufcstats.com/fighter-details/5eb50529a8418b77,Gabe Green,70.0,73.0,Switch,"May 02, 1993",5.6,6.19,45.0,,0.71,50.0,50.0,0.5,Gabe Green
http://ufcstats.com/fighter-details/d945aae53e3e54e6,Thiago Moises,69.0,70.0,Orthodox,"Mar 23, 1995",2.48,4.08,42.0,,1.31,35.0,52.0,1.1,Thiago Moises
http://ufcstats.com/fighter-details/36e78278a77006d4,Connor Matthews,68.0,71.0,Switch,"May 31, 1992",4.82,6.06,43.0,,3.24,55.0,46.0,0.7,Connor Matthews
http://ufcstats.com/fighter-details/5078e1dacf9d25f4,Luana Santos,66.0,67.0,Orthodox,"Apr 16, 2000",3.69,3.4,52.0,,1.91,50.0,83.0,1.3,Luana Santos
http://ufcstats.com/fighter-details/ac7c765882f2c68c,Elise Reed,63.0,63.0,Orthodox,"Dec 05, 1992",3.41,3.26,53.0,,0.46,60.0,53.0,0.0,Elise Reed
http://ufcstats.com/fighter-details/798e48f9e7f6ba22,Carlos Hernandez,68.0,67.0,Orthodox,"Oct 25, 1993",3.83,3.5,45.0,,1.56,21.0,65.0,0.2,Carlos Hernandez
http://ufcstats.com/fighter-details/a3a542074109b347,Luana Pinheiro,62.0,62.0,Orthodox,"Nov 18, 1992",3.29,4.06,39.0,,2.33,37.0,71.0,0.2,Luana Pinheiro
